firstName,lastName,email,tel,zip,address
Wyn,Bugdale,wbugdale0@chronoengine.com,867-334-0464,2334720,10 Menomonie Lane
Norbie,Dunley,ndunley1@netscape.com,864-851-8086,8682787,51177 Bowman Way
Todd,Merritt,tmerritt2@example.com,3523-379-6072,5010064,245 Pennsylvania Place
Janela,Whimpenny,jwhimpenny3@amazon.com,77-290-7204,8653914,73502 Northfield Plaza
Temple,Bellworthy,tbellworthy4@smh.com.au,861-622-3904,1314469,72346 Carioca Junction
Lillian,Truce,ltruce5@feedburner.com,627-469-0144,3154556,56340 Welch Street
Ulla,Stanlick,ustanlick6@123-reg.co.uk,983-539-9175,6811766,5556 Gateway Crossing
Manny,Kinnie,mkinnie7@studiopress.com,9725-207-1876,1966299,59 Lindbergh Park
Conway,Gabbetis,cgabbetis8@acquirethisname.com,628-206-1185,2402980,7915 Eastlawn Avenue
Timi,Cicchelli,tcicchelli9@bluehost.com,78-206-1440,2313082,5857 Clarendon Terrace
Jewell,Oakenford,joakenforda@about.me,3512-986-1638,6257857,355 John Wall Avenue
Jecho,Flacknell,jflacknellb@google.ca,981-988-6834,5930533,3055 Ryan Trail
Mirna,Speir,mspeirc@google.de,15-233-6932,4387345,50 Dennis Park
Fax,Maddams,fmaddamsd@irs.gov,559-617-6694,7703761,19395 Hanover Parkway
Even,Van Merwe,evanmerwee@ebay.co.uk,465-611-6988,8095058,67 Katie Road
Rakel,Dalyell,rdalyellf@clickbank.net,14-397-8884,7046269,77 Kim Street
Trudy,Bilsland,tbilslandg@reference.com,864-543-5548,4138223,80 Hooker Plaza
Skyler,Swithenby,sswithenbyh@ca.gov,624-720-0298,1726938,75010 Anniversary Pass
Miltie,Caulkett,mcaulketti@list-manage.com,865-903-5179,7965219,2 Grayhawk Avenue
Merrily,Arlow,marlowj@paginegialle.it,636-523-4287,3387636,3512 Dottie Road
Odie,Dodworth,ododworthk@privacy.gov.au,628-845-1988,3204791,1 Springs Court
Yehudi,Peret,yperetl@jalbum.net,624-946-4875,3038163,153 Lake View Point
Charo,Darbishire,cdarbishirem@4shared.com,869-235-1535,5097014,9561 Macpherson Pass
Fara,Beevors,fbeevorsn@qq.com,865-495-2967,1270576,200 Center Plaza
Goraud,O'Halligan,gohalligano@odnoklassniki.ru,4209-215-5707,3517019,96 5th Lane
Feodora,Blazej,fblazejp@apple.com,648-813-3377,1072441,3494 Paget Park
George,Ford,gfordq@youtube.com,626-847-4317,3532364,6 Union Plaza
Carmelia,Ingrem,cingremr@blogger.com,554-433-4200,1950550,7249 Starling Terrace
Kelvin,Tourner,ktourners@sina.com.cn,869-229-4534,5430195,0 Clove Lane
Hallsy,Balwin,hbalwint@omniture.com,469-391-5880,1868546,81 Maple Court
Crystie,Upton,cuptonu@amazon.de,529-651-1543,4211433,828 Del Sol Court
Otis,Quadri,oquadriv@salon.com,9635-272-0287,2623156,88 Vidon Street
Consalve,Siggs,csiggsw@weebly.com,547-734-1723,5542481,51390 1st Park
Valencia,Barrick,vbarrickx@digg.com,16-609-4718,2518083,2 Brickson Park Hill
Tami,Coulthard,tcoulthardy@va.gov,816-961-9332,6852166,5 Darwin Way
Rubetta,Ghirardi,rghirardiz@dailymail.co.uk,864-587-5309,2674025,1 Nevada Lane
Boote,Tripon,btripon10@cdc.gov,512-215-6861,7975010,3 Carey Avenue
Leontyne,Emms,lemms11@cloudflare.com,622-878-4259,8573328,4024 Arapahoe Terrace
Seana,Mechem,smechem12@studiopress.com,867-863-6244,3061656,88 Union Alley
Ennis,Siemon,esiemon13@arstechnica.com,486-319-3213,5129929,48 Schmedeman Court
Conney,Sandever,csandever14@home.pl,866-474-1605,1256036,5 Pearson Park
Isadora,Evins,ievins15@surveymonkey.com,625-540-2419,7558058,613 Meadow Vale Terrace
Loria,Winks,lwinks16@wufoo.com,2553-328-6865,7267600,06 Village Circle
Andriette,Dewfall,adewfall17@ihg.com,483-319-2180,2331840,26282 Paget Place
Manuel,Wybern,mwybern18@drupal.org,2321-276-3218,3043248,1826 Gale Junction
Micki,Sayre,msayre19@wunderground.com,19-511-3678,8762777,9 Marquette Plaza
Gizela,Easlea,geaslea1a@ca.gov,475-813-6566,5085006,76 Boyd Avenue
Carly,Longworthy,clongworthy1b@fastcompany.com,639-401-7732,6883877,6 Karstens Plaza
Anastasie,O'Dyvoie,aodyvoie1c@a8.net,3518-249-5006,2853787,9 Main Terrace
Gertrude,Torricella,gtorricella1d@blogs.com,495-653-3008,4722041,70 Nelson Crossing
Ashby,Cary,acary1e@tuttocitta.it,332-811-7705,7755904,0647 Calypso Parkway
Ivory,Riep,iriep1f@ucoz.ru,628-840-0288,7918290,87 Kingsford Parkway
Peri,Eddie,peddie1g@nytimes.com,862-934-7306,5752120,2 Annamark Pass
Bryon,Bredbury,bbredbury1h@blogtalkradio.com,867-614-8527,2563743,89906 Graedel Point
Ethelred,Whitten,ewhitten1i@admin.ch,2378-907-1755,8214520,592 Hagan Place
Darlene,Alejandro,dalejandro1j@bloglovin.com,628-568-2081,3207626,727 Anniversary Center
Pavlov,Skillington,pskillington1k@yolasite.com,817-768-2067,2842524,85412 Dryden Court
Miguela,Randalston,mrandalston1l@ft.com,309-652-8106,4688918,40 Blackbird Parkway
Glenn,Keast,gkeast1m@illinois.edu,544-159-4504,8305663,739 Lyons Terrace
Barney,Creavin,bcreavin1n@pbs.org,867-824-6191,7600538,42 Twin Pines Circle
Martina,Wombwell,mwombwell1o@blogger.com,72-364-1859,7323024,71850 Delladonna Plaza
Kristel,MacCarter,kmaccarter1p@dmoz.org,484-761-9590,2410675,1046 Johnson Pass
Shelley,Reilingen,sreilingen1q@elegantthemes.com,6891-603-6780,3579654,16203 Brentwood Park
Lorry,Bushe,lbushe1r@slideshare.net,78-895-5504,1640146,95686 Lighthouse Bay Court
Mitchael,Rawsthorne,mrawsthorne1s@marketwatch.com,79-761-3406,6870645,72072 Morrow Lane
Lyndsay,Dingsdale,ldingsdale1t@blogspot.com,5075-139-2805,3636161,81 John Wall Court
Lia,Sebring,lsebring1u@woothemes.com,9933-834-3922,1987041,4 Park Meadow Lane
Yetta,Creboe,ycreboe1v@homestead.com,368-718-7590,2326511,6 Superior Court
Karyn,Webb,kwebb1w@biglobe.ne.jp,349-175-5515,6201149,49770 Hayes Drive
Tammi,Jordan,tjordan1x@sun.com,3515-104-9830,8518280,9365 Stoughton Place
Cosette,Isgate,cisgate1y@wikispaces.com,636-213-9920,2564021,5 Fulton Terrace
Jaine,Russ,jruss1z@icio.us,2567-129-2905,5083513,6580 Heath Crossing
Orelee,Acutt,oacutt20@auda.org.au,2169-287-1825,7976422,3169 Arrowood Park
Amery,Denning,adenning21@engadget.com,438-119-8265,4062556,7966 Marcy Center
Fredelia,Carillo,fcarillo22@google.co.jp,2333-445-8820,6964298,330 Menomonie Plaza
Zaneta,Budnk,zbudnk23@irs.gov,553-239-8754,5080335,3 Summer Ridge Center
Wells,Allett,wallett24@state.tx.us,3805-909-9026,7208666,431 Vernon Point
Rozelle,Cridlon,rcridlon25@whitehouse.gov,639-665-1383,6975775,1 Linden Terrace
Latia,Beadham,lbeadham26@delicious.com,9765-421-2975,4424257,244 Hazelcrest Way
Amery,Archibold,aarchibold27@phoca.cz,4203-689-1152,7624167,89102 Sunbrook Alley
Petey,Shatford,pshatford28@clickbank.net,629-867-5526,8424180,253 Sherman Court
Cecilla,Proby,cproby29@joomla.org,14-213-3084,7088266,946 Ryan Avenue
Saree,Elgie,selgie2a@oracle.com,76-900-8103,8834369,285 Westport Center
Rianon,Layman,rlayman2b@desdev.cn,869-377-7581,7709055,00931 Westport Plaza
Ford,Lukasen,flukasen2c@shareasale.com,622-629-2824,1631861,065 Buena Vista Point
Padraig,Bravington,pbravington2d@google.es,864-214-1626,3006086,03279 Becker Alley
Demeter,McIlvaney,dmcilvaney2e@nature.com,331-188-0885,3068727,232 Birchwood Hill
Rivalee,Goodacre,rgoodacre2f@adobe.com,469-479-6171,7809537,089 Ilene Center
Brandais,Linfitt,blinfitt2g@infoseek.co.jp,626-522-6328,8723748,06 Norway Maple Street
Lydon,Heigho,lheigho2h@examiner.com,469-961-0864,6352337,387 Everett Court
Moyna,Baulk,mbaulk2i@flickr.com,629-337-7865,1798263,10607 Oxford Junction
Sollie,Lerego,slerego2j@hp.com,986-875-1714,4834711,2220 Waywood Circle
Lonni,McBeath,lmcbeath2k@gov.uk,525-879-8148,6644344,12891 5th Pass
Virge,Waterfall,vwaterfall2l@soundcloud.com,72-309-4400,1784241,8 Cottonwood Court
Sheffie,Petken,spetken2m@businessweek.com,3801-364-5559,7924757,422 Portage Place
Ruby,Vink,rvink2n@topsy.com,633-725-1416,6522219,9 Brown Pass
Krishnah,Wadham,kwadham2o@posterous.com,71-259-4131,7543200,178 Hagan Court
Tannie,MacCoveney,tmaccoveney2p@sina.com.cn,2998-707-3575,5900529,99 Memorial Pass
Missie,Tipling,mtipling2q@oracle.com,74-878-6014,5181583,55957 Weeping Birch Lane
Gearard,Leuty,gleuty2r@diigo.com,73-726-8471,8013951,154 Mendota Road
Aguistin,Caser,acaser2s@accuweather.com,3567-843-7773,3589102,7752 Moland Junction
Burtie,Camilleri,bcamilleri2t@topsy.com,557-559-7321,8679953,7 Stoughton Alley
Tate,Maciaszczyk,tmaciaszczyk2u@constantcontact.com,337-947-7718,7241438,13 Park Meadow Point
Elana,MacGahey,emacgahey2v@cnbc.com,869-850-8854,5548996,8 Cottonwood Crossing
Julissa,Castan,jcastan2w@biblegateway.com,5027-145-3920,6841556,89862 Wayridge Point
Van,Dureden,vdureden2x@shop-pro.jp,575-948-6354,4139541,17057 Golden Leaf Park
Katherina,Simmonds,ksimmonds2y@dailymail.co.uk,664-873-4431,7460897,731 Linden Alley
Reggie,MacQuarrie,rmacquarrie2z@berkeley.edu,869-123-1893,5813309,8 Grim Road
Sharl,Sarch,ssarch30@digg.com,633-954-4737,2861051,6 Coleman Alley
Ricca,Langstone,rlangstone31@t.co,559-423-9444,5475084,02 Granby Plaza
Willie,Sartin,wsartin32@globo.com,2267-790-4467,2782762,4 Ruskin Drive
Flor,Flinders,fflinders33@artisteer.com,13-717-4572,4288079,3662 Brickson Park Junction
Lonnie,Dureden,ldureden34@addthis.com,865-841-5394,7522948,8 Moulton Junction
Cecilla,Powley,cpowley35@about.com,866-929-7854,2841087,1505 Westerfield Terrace
Wit,McMurdo,wmcmurdo36@dion.ne.jp,3808-152-0627,7267008,76323 Schlimgen Court
Iosep,Lavalle,ilavalle37@twitter.com,628-245-4704,3974140,5778 Maywood Circle
Damita,Robard,drobard38@ow.ly,271-337-0609,3665985,60869 Heffernan Street
Allyn,MacCartair,amaccartair39@mapy.cz,861-390-1843,3028160,52642 Mcguire Place
Hasheem,Ventam,hventam3a@ebay.co.uk,633-282-1869,2744292,287 Muir Street
Gunner,Linde,glinde3b@redcross.org,865-896-0265,8111462,1593 Kipling Terrace
Sandie,O' Clovan,soclovan3c@theatlantic.com,3589-596-5208,8070420,51 Menomonie Drive
Alex,Tetley,atetley3d@virginia.edu,4209-825-4199,8077807,63 Norway Maple Pass
Silvano,Dudliston,sdudliston3e@aboutads.info,584-254-7276,4605348,09953 Summer Ridge Trail
Ange,Cottis,acottis3f@studiopress.com,989-671-5226,3464775,3 Crest Line Pass
Gavra,Buey,gbuey3g@howstuffworks.com,864-814-1744,2746991,5649 Gulseth Place
Percy,Phipp,pphipp3h@bigcartel.com,481-845-5532,3825287,5 Rusk Circle
Brandtr,Olland,bolland3i@jiathis.com,632-316-6057,4239371,73 Merchant Court
Johnny,Jaquin,jjaquin3j@surveymonkey.com,558-849-6166,4290667,3806 Meadow Valley Point
Ambrosius,Clubbe,aclubbe3k@amazon.de,3536-910-1815,6691169,701 Maryland Way
Cecilio,Deacon,cdeacon3l@xrea.com,2492-703-6747,4847132,163 Gulseth Avenue
Elfie,Bonsey,ebonsey3m@yahoo.com,338-957-8200,3676382,32 Gateway Lane
Britt,Normanville,bnormanville3n@umn.edu,4208-264-5147,6661674,10243 Harbort Circle
Dorie,Angell,dangell3o@tripadvisor.com,3514-533-7371,1557535,6 7th Place
Celestina,Pulley,cpulley3p@gravatar.com,866-491-8954,8689982,8050 Mcguire Street
Robby,Speir,rspeir3q@wikimedia.org,464-241-4824,7135011,892 Westerfield Pass
Andonis,Grevel,agrevel3r@berkeley.edu,5914-390-7667,5768501,89040 Fallview Trail
Gwendolin,Cracoe,gcracoe3s@fda.gov,76-100-2350,1227066,7 Cambridge Trail
Jard,Robbie,jrobbie3t@meetup.com,3743-665-2647,8297002,79636 Cascade Terrace
Artur,Gaskall,agaskall3u@jimdo.com,811-100-3878,5152468,10048 Jenna Trail
Marlo,Sallan,msallan3v@ebay.co.uk,78-456-4506,5727380,85 Gale Drive
Breanne,Duester,bduester3w@unc.edu,8509-783-3954,6415908,1 Waubesa Center
Rozanne,Stallworth,rstallworth3x@wikimedia.org,3815-743-7098,6667662,0190 Laurel Place
Herby,Ruberti,hruberti3y@goo.ne.jp,3514-681-2780,8498098,63422 Sachtjen Lane
Cilka,Butterick,cbutterick3z@chicagotribune.com,621-425-3584,8735988,143 Park Meadow Terrace
Taddeusz,Gerault,tgerault40@wisc.edu,18-680-5668,3888658,77155 Washington Pass
Chip,Jervoise,cjervoise41@cdc.gov,5026-858-5215,1619811,35058 Maple Wood Street
Kevyn,Petrov,kpetrov42@nationalgeographic.com,628-970-9284,8459812,15122 High Crossing Crossing
Korney,Papez,kpapez43@illinois.edu,862-553-2822,1484782,20103 Bunker Hill Hill
Shermie,Claige,sclaige44@bloglines.com,868-202-0865,6621706,6 Westerfield Place
Violetta,Ridder,vridder45@vistaprint.com,73-516-2298,2332566,438 Nova Point
Meredeth,Jursch,mjursch46@sitemeter.com,629-663-0499,6773926,8 Aberg Park
Katrina,Hearnaman,khearnaman47@house.gov,635-749-7363,5680621,36081 Bluejay Parkway
Antonie,Neggrini,aneggrini48@geocities.jp,79-333-8286,8534428,83 Mockingbird Road
Lissa,Simmonite,lsimmonite49@washington.edu,304-291-7238,4550777,67 Tomscot Point
Myrlene,Goodered,mgoodered4a@indiatimes.com,3802-843-5500,7923068,4169 Bowman Circle
Arlie,Maillard,amaillard4b@51.la,331-893-5118,8433689,42334 2nd Pass
Aubry,Byneth,abyneth4c@china.com.cn,4203-543-8242,2046553,4207 Carioca Alley
Sorcha,Brigshaw,sbrigshaw4d@berkeley.edu,623-690-4495,3374630,26 Jackson Drive
Layney,Ledgley,lledgley4e@ehow.com,623-677-3885,8133323,27092 Nelson Way
Shepherd,Overill,soverill4f@msn.com,461-279-3226,4555367,20 Kropf Court
Durante,Beazey,dbeazey4g@ebay.com,18-376-5955,7858230,179 Annamark Hill
Ricki,Arnott,rarnott4h@disqus.com,467-447-5465,1285316,2714 Michigan Street
Alisander,Benedetti,abenedetti4i@marketwatch.com,5022-833-9758,6871478,7859 Cody Road
Constancia,Mawson,cmawson4j@surveymonkey.com,866-401-2739,1583394,744 Division Road
Janifer,Meharg,jmeharg4k@oracle.com,555-265-3271,6390923,23071 Coleman Center
Grenville,Shiell,gshiell4l@upenn.edu,981-641-3928,6003643,8287 Goodland Drive
Neal,Matyas,nmatyas4m@ox.ac.uk,556-704-7322,8647565,54666 Dunning Hill
Beverlee,Sloat,bsloat4n@slashdot.org,14-923-2388,5997669,776 Corscot Junction
Elnore,Souten,esouten4o@bluehost.com,604-109-9897,4089523,77 Mallard Park
Garvey,Ubach,gubach4p@noaa.gov,3555-360-5891,5713448,8796 Northview Parkway
Floria,Gaine,fgaine4q@weibo.com,3809-458-5958,7736137,003 Briar Crest Crossing
Meriel,Challenger,mchallenger4r@npr.org,3895-856-1731,3677388,70918 Morningstar Crossing
Hadrian,Quig,hquig4s@cafepress.com,865-829-6708,2755497,6 Drewry Lane
Husein,Heninghem,hheninghem4t@hhs.gov,628-495-5386,6150901,823 Hanson Alley
Meridith,Garvie,mgarvie4u@about.com,623-104-2609,3206422,3159 Bunting Point
Dennie,Castagno,dcastagno4v@feedburner.com,513-136-0627,5516732,664 North Place
Sumner,Segge,ssegge4w@comsenz.com,334-225-3731,2447041,86113 3rd Pass
Aindrea,Harrigan,aharrigan4x@weibo.com,5055-931-1924,8677864,59 Dunning Court
Erskine,Schowenburg,eschowenburg4y@tinypic.com,2166-781-1873,8780989,95 Sullivan Terrace
Romy,Morriss,rmorriss4z@ustream.tv,863-987-6660,5874019,21553 Graceland Street
Estrella,Matthewes,ematthewes50@bluehost.com,3516-913-8559,8263918,06 Lighthouse Bay Plaza
Zedekiah,Djurisic,zdjurisic51@biblegateway.com,309-889-6179,6207952,27570 Straubel Street
Karie,Daines,kdaines52@ifeng.com,869-800-1646,5890599,7111 1st Road
Alex,Blackburne,ablackburne53@gizmodo.com,6865-979-0020,6885325,2 Schiller Court
Janis,Venable,jvenable54@histats.com,338-190-2729,2071815,854 Havey Street
Maxy,Loughren,mloughren55@lycos.com,626-446-3433,4386970,864 Tomscot Plaza
Kay,Wedge,kwedge56@elegantthemes.com,3853-298-3951,3272180,845 Forest Park
Heddie,Thickpenny,hthickpenny57@telegraph.co.uk,3809-262-0540,1340894,88 Katie Avenue
Trey,Mewton,tmewton58@flavors.me,869-974-0258,7064138,72155 Artisan Drive
Nathan,Goodbourn,ngoodbourn59@europa.eu,9635-674-5695,1929269,7 5th Crossing
Demetre,Finan,dfinan5a@gmpg.org,626-682-5288,3486114,14 Anthes Center
Fidelity,Smith,fsmith5b@marriott.com,2169-928-5059,8570591,73939 Manley Pass
Branden,Shevlan,bshevlan5c@wired.com,628-983-2485,1258975,3 Hanover Parkway
Wilfred,Deppen,wdeppen5d@nsw.gov.au,3805-976-8198,8385387,7178 Caliangt Crossing
Jeffie,Bonevant,jbonevant5e@arizona.edu,466-438-8910,6974306,5618 Welch Court
Hildegarde,Bouchier,hbouchier5f@merriam-webster.com,309-813-3318,7613021,13 Nevada Alley
Fremont,Stark,fstark5g@flavors.me,869-424-9450,8457439,03454 Fremont Way
Adams,Deverose,adeverose5h@issuu.com,2605-970-9590,3044771,52 Anzinger Court
Gabby,Cicutto,gcicutto5i@slashdot.org,622-141-3847,8672060,94 Banding Trail
Gerri,Betteridge,gbetteridge5j@godaddy.com,16-815-1415,4131857,9 Novick Parkway
Skipp,Leek,sleek5k@digg.com,9679-198-3761,1539907,2245 Dexter Way
Lindsy,Como,lcomo5l@dailymotion.com,3516-649-7419,3632968,95 Northwestern Place
Menard,Sisland,msisland5m@dailymotion.com,462-445-2504,6341818,099 Anderson Alley
Kennett,Hamner,khamner5n@123-reg.co.uk,621-432-9364,2336575,5605 Petterle Pass
Evita,Simants,esimants5o@accuweather.com,77-991-2073,7113230,593 Express Road
Waylon,Dillingstone,wdillingstone5p@weebly.com,2242-211-0271,2488585,89013 Village Drive
Zahara,McGaw,zmcgaw5q@live.com,486-379-1908,3343714,05 Monument Drive
Kandace,Teenan,kteenan5r@weibo.com,627-435-0107,1111762,308 Ruskin Circle
Myles,Warrior,mwarrior5s@vinaora.com,818-838-2956,3168064,1 Hoard Alley
Tiphanie,Dailey,tdailey5t@pen.io,2342-923-0307,2925130,9 Spaight Drive
Ezra,Behn,ebehn5u@hatena.ne.jp,863-974-2290,1270498,360 Gale Hill
Nollie,Beardsall,nbeardsall5v@posterous.com,2128-861-1835,7393390,90 Nobel Trail
Rachelle,Skivington,rskivington5w@privacy.gov.au,488-437-5500,3610656,0576 Arizona Way
Marline,Tufts,mtufts5x@friendfeed.com,71-903-4269,8690684,325 Cordelia Avenue
Hewitt,Durbann,hdurbann5y@mtv.com,863-993-6730,1044048,91 Burrows Road
Berri,Sheard,bsheard5z@freewebs.com,635-694-0761,4705976,23 Northland Alley
Ilise,Fullard,ifullard60@wsj.com,2333-543-4484,4338091,4086 Loftsgordon Junction
Clerissa,Welfare,cwelfare61@cornell.edu,79-401-7855,1966304,0 Pawling Crossing
Ninetta,Kendall,nkendall62@domainmarket.com,862-506-7572,8190076,0 Porter Park
Ruy,Delle,rdelle63@mayoclinic.com,867-507-5800,6770164,63 Manitowish Alley
Kristine,Wildsmith,kwildsmith64@tuttocitta.it,482-830-5246,8275271,5123 Farmco Circle
Godfrey,Rolingson,grolingson65@nhs.uk,869-363-5231,4752688,86 Saint Paul Circle
Cordelie,McQuarter,cmcquarter66@g.co,338-626-4352,7517892,8 Lunder Junction
Lynn,Rabbitt,lrabbitt67@yahoo.com,623-819-5385,1286452,7 Arapahoe Terrace
Gustave,Montes,gmontes68@barnesandnoble.com,543-709-7222,1731424,033 Walton Court
Helaina,Pagen,hpagen69@drupal.org,514-164-7877,5316881,11398 Tomscot Drive
Benny,Symcoxe,bsymcoxe6a@chicagotribune.com,9989-445-1577,1254480,9318 Spaight Lane
Glennis,Landells,glandells6b@japanpost.jp,819-897-0885,3359009,5588 Tennessee Parkway
Chick,Vasilyevski,cvasilyevski6c@wiley.com,662-657-0407,6727053,5024 Anderson Court
Cordie,Shepherdson,cshepherdson6d@google.ca,843-673-8487,6221622,920 Farmco Plaza
Arden,Gay,agay6e@rambler.ru,841-334-4882,3122159,0 Meadow Vale Center
Donaugh,Feaster,dfeaster6f@ucsd.edu,3518-768-8525,2337368,0 Shasta Center
Jami,Krook,jkrook6g@blog.com,2429-698-5252,6032703,1807 Pearson Road
Jolene,Farguhar,jfarguhar6h@omniture.com,664-620-5111,4882059,3254 Sunbrook Lane
Karlotte,Toyer,ktoyer6i@opensource.org,3532-736-1139,3084499,31374 Algoma Pass
Rafa,Pache,rpache6j@devhub.com,436-840-0515,1158942,48 Crowley Street
Kris,Bairnsfather,kbairnsfather6k@google.de,625-624-5562,4562845,34850 Graceland Avenue
Celestina,Burston,cburston6l@opera.com,468-160-6691,2270181,6 Blue Bill Park Terrace
Karrah,Heinzel,kheinzel6m@tmall.com,627-105-7269,1658713,01337 Golf Course Crossing
Chelsae,Causbey,ccausbey6n@skyrock.com,861-877-0603,5725133,4224 Lotheville Court
Yorker,Brew,ybrew6o@taobao.com,3851-205-7666,7006221,241 Jackson Pass
Durant,Holton,dholton6p@clickbank.net,468-488-3841,1232261,2472 Debra Hill
Eilis,Bruyett,ebruyett6q@netscape.com,636-446-0776,5083129,52678 Shopko Plaza
Miof mela,Caseri,mcaseri6r@about.com,555-432-8094,7111936,37 Jay Pass
Sanderson,Clowes,sclowes6s@ebay.co.uk,483-441-1603,2149503,43519 Magdeline Street
Mose,Paddy,mpaddy6t@bluehost.com,486-869-7982,1257402,8378 Fordem Park
Elsworth,Whickman,ewhickman6u@shop-pro.jp,861-140-8531,7762636,278 Iowa Crossing
Alvinia,Snowball,asnowball6v@jalbum.net,462-421-1552,2231849,06023 Crest Line Trail
Rouvin,Sarl,rsarl6w@about.com,861-496-8598,1785371,17653 Loeprich Trail
Esme,O'Growgane,eogrowgane6x@php.net,817-936-0602,6195020,9274 Bultman Pass
Milly,Montfort,mmontfort6y@networkadvertising.org,77-538-2160,1605686,94372 Ruskin Circle
Jennine,Yegorchenkov,jyegorchenkov6z@ibm.com,3803-246-3063,6349597,8 Stone Corner Road
Iggy,Sibyllina,isibyllina70@com.com,466-389-1038,2678799,8060 Dunning Terrace
Gallagher,Crispin,gcrispin71@ibm.com,5955-770-2736,2449185,376 Huxley Drive
Farlay,Bernardon,fbernardon72@harvard.edu,5067-242-2006,6586346,56247 Spohn Lane
Marlene,Boskell,mboskell73@blogger.com,632-163-7197,3680864,39 Meadow Vale Plaza
Mamie,Gyorgy,mgyorgy74@engadget.com,864-984-4125,5984228,42 Monument Crossing
Frances,Nurden,fnurden75@noaa.gov,865-945-4520,7748788,627 Ohio Center
Delila,Paiton,dpaiton76@si.edu,3518-971-9612,1137160,67811 Maywood Pass
Gabrielle,Elwin,gelwin77@wikia.com,209-477-3715,8366276,7888 Pepper Wood Junction
Tab,Gotmann,tgotmann78@eventbrite.com,867-791-3228,2888374,769 Magdeline Circle
Lanita,Laphorn,llaphorn79@china.com.cn,559-981-3402,5654060,89175 Clarendon Circle
Cindi,Benyan,cbenyan7a@unc.edu,3863-840-1181,2642947,3521 Rusk Crossing
Wilbur,Poulton,wpoulton7b@amazon.co.jp,484-993-2875,4212660,92778 Clyde Gallagher Road
Sig,Brosio,sbrosio7c@umn.edu,864-357-0165,4984109,59 Independence Hill
Alyson,Stealey,astealey7d@ifeng.com,73-631-9373,2443495,18739 Marquette Center
Kessiah,Eagell,keagell7e@narod.ru,924-110-9394,2214538,15011 Mandrake Road
Junia,Kinder,jkinder7f@hibu.com,332-477-3570,7903033,49 Oakridge Street
Nonnah,Rafter,nrafter7g@fotki.com,862-414-5277,5718778,77 Reindahl Alley
Tommi,Hamflett,thamflett7h@blog.com,628-577-3725,8627455,73571 Bartelt Way
Adrien,Doick,adoick7i@nasa.gov,73-563-7931,1339204,8 Shasta Point
Eliot,Venney,evenney7j@skyrock.com,3518-656-1798,1405555,23894 Corscot Park
Frederique,Littlefair,flittlefair7k@usnews.com,3558-540-4276,4355423,5 Twin Pines Terrace
Taryn,Splevings,tsplevings7l@alibaba.com,623-131-9615,3551514,0958 Hollow Ridge Trail
Zorina,Greaterex,zgreaterex7m@homestead.com,302-987-3766,1948180,0 Swallow Parkway
Genovera,Morville,gmorville7n@nba.com,2287-746-1677,5195857,66 Tennessee Trail
Cassondra,Giacomucci,cgiacomucci7o@tripod.com,3553-370-6497,5936840,20315 Brickson Park Terrace
Amity,Cootes,acootes7p@blogspot.com,528-585-2119,7475141,00 Mallory Road
Jake,Simmance,jsimmance7q@apple.com,3514-716-7842,4935992,55 Manley Terrace
Linnea,Bodsworth,lbodsworth7r@utexas.edu,635-384-5433,1061235,5 Sutteridge Street
August,Minghetti,aminghetti7s@tiny.cc,865-433-6829,3275151,89803 Bultman Lane
Huntlee,Goretti,hgoretti7t@ning.com,864-508-3848,5080302,12069 Rigney Trail
Lisetta,MacKibbon,lmackibbon7u@infoseek.co.jp,5072-816-8182,4560899,7093 Northview Junction
Stevie,Du Pre,sdupre7v@dailymotion.com,3747-156-4873,1160753,4448 Mccormick Lane
Joshuah,Kenn,jkenn7w@huffingtonpost.com,2343-357-8278,5397756,10 Westridge Pass
Tandi,Cadalleder,tcadalleder7x@theguardian.com,866-930-4123,7665415,70867 Park Meadow Place
Jayson,Downer,jdowner7y@weebly.com,625-837-9790,2530738,8 Sherman Street
Connor,Gaskall,cgaskall7z@ebay.com,869-996-4164,4778217,57410 Southridge Street
Hannah,Manhare,hmanhare80@com.com,71-867-5580,4333199,16 Waxwing Street
Meridith,Huson,mhuson81@ask.com,868-920-6870,5317338,74932 Sycamore Hill
Hartwell,Blevin,hblevin82@jalbum.net,2345-762-0052,2921402,69478 8th Alley
Walt,Seaborn,wseaborn83@sakura.ne.jp,332-362-5293,7595512,743 Carberry Lane
Mata,Hebble,mhebble84@yahoo.co.jp,545-521-6490,3925292,8 Ruskin Junction
Dayle,Carefull,dcarefull85@mysql.com,628-320-6058,1036259,01067 Express Junction
Damaris,Dingsdale,ddingsdale86@xinhuanet.com,15-232-0169,1124164,32324 Warner Hill
Emlyn,O'Leagham,eoleagham87@imgur.com,15-447-6397,7928300,856 Harbort Street
Chance,Humfrey,chumfrey88@nature.com,864-896-5910,7225063,549 Goodland Hill
Barrie,Demkowicz,bdemkowicz89@ezinearticles.com,12-554-9277,2924142,7 Forest Dale Terrace
Kristian,Ionesco,kionesco8a@opera.com,864-787-6236,2601934,876 Golf View Hill
Hector,Aldrick,haldrick8b@state.gov,632-499-0852,4931608,46163 Ridgeview Avenue
Kris,Cossentine,kcossentine8c@unc.edu,77-886-8723,8693960,4161 New Castle Center
Georgena,Stichel,gstichel8d@washington.edu,542-132-1240,1502786,0732 Gale Drive
Keane,Roxburch,kroxburch8e@vkontakte.ru,333-607-6028,7094698,023 Grasskamp Court
Shanda,Floch,sfloch8f@java.com,2619-329-1468,2623950,2 Browning Lane
Jarred,Rawsen,jrawsen8g@bloglines.com,602-207-8328,1795752,51364 Meadow Ridge Drive
Rudolfo,Yakovlev,ryakovlev8h@homestead.com,3519-159-1100,5393384,73 Spohn Parkway
Ivy,Philcock,iphilcock8i@newsvine.com,625-348-0577,3268310,39 Corben Road
Addy,Bumfrey,abumfrey8j@archive.org,3515-303-7158,5876359,51 Messerschmidt Trail
Odelia,Lamanby,olamanby8k@is.gd,5059-830-6684,1381354,7 Holmberg Hill
Jourdan,Begwell,jbegwell8l@twitpic.com,489-593-1185,6527242,9 Sunbrook Place
Krystyna,Plumer,kplumer8m@miitbeian.gov.cn,864-383-5338,4905684,225 Roxbury Avenue
Brandice,Gregorio,bgregorio8n@parallels.com,3862-152-4613,6506475,201 Karstens Way
Chicky,Connett,cconnett8o@vistaprint.com,549-280-0013,4671185,6591 Clemons Drive
Maible,Delhanty,mdelhanty8p@webnode.com,861-659-8505,6444279,89 Mariners Cove Lane
Simmonds,Shayes,sshayes8q@flickr.com,2695-186-8034,4898021,347 Randy Park
Gunther,Belliss,gbelliss8r@indiatimes.com,476-769-4968,6451743,781 Westport Trail
Waldemar,Golde,wgolde8s@google.co.uk,815-909-8908,5585774,31 Ramsey Point
Amberly,Puckett,apuckett8t@digg.com,486-299-4069,4182506,2718 Dennis Circle
Anne-corinne,Bertwistle,abertwistle8u@xing.com,584-769-4625,4653989,4 Messerschmidt Lane
Filberte,Weatherall,fweatherall8v@nba.com,557-820-6154,5386121,6 Darwin Point
Austin,Cullin,acullin8w@xinhuanet.com,464-967-4346,7714335,8 Lunder Junction
Isidore,Plumbe,iplumbe8x@google.cn,331-398-4446,3853479,69336 Sundown Court
Bidget,Fassbender,bfassbender8y@squidoo.com,483-402-9083,2056310,527 Harper Court
Chrisse,Ellit,cellit8z@purevolume.com,863-855-2128,5059482,54582 Farwell Place
Rose,Scragg,rscragg90@yellowpages.com,869-102-9440,1872135,6 Rowland Park
Cassius,Squelch,csquelch91@ucla.edu,334-924-5946,8608097,9708 Grim Way
Maudie,MacKereth,mmackereth92@yahoo.co.jp,3803-521-4524,3758676,822 Prairieview Alley
Edee,Dunnett,edunnett93@goo.gl,78-237-8185,8040492,2930 Brickson Park Drive
Dame,Lattka,dlattka94@jalbum.net,3803-583-8120,1168522,2 Sycamore Drive
Samaria,Wybourne,swybourne95@netvibes.com,17-838-0765,5326344,7 Rieder Hill
Ulick,Courteney,ucourteney96@washingtonpost.com,5953-935-9114,2801553,016 Aberg Parkway
Dolorita,Feronet,dferonet97@123-reg.co.uk,864-297-3535,6635350,39269 Namekagon Park
Francis,Rallings,frallings98@gmpg.org,815-351-2204,5952964,6503 Graceland Park
Lisle,Fozard,lfozard99@taobao.com,3527-425-1545,5506215,0 Rowland Pass
Louie,Smuth,lsmuth9a@posterous.com,9946-599-8633,4622994,31 Dixon Center
Patrick,Harris,pharris9b@state.gov,487-274-7214,3196910,750 Barby Road
Atlante,Dy,ady9c@paginegialle.it,552-725-6252,1260576,8 Wayridge Point
Garek,Aizik,gaizik9d@virginia.edu,867-418-7398,2926984,1328 Macpherson Alley
Ruperto,Landre,rlandre9e@vk.com,863-150-3336,1491012,9370 Sage Avenue
Base,Statton,bstatton9f@geocities.jp,621-252-9884,7612572,71262 Canary Terrace
Jessey,Bizley,jbizley9g@gravatar.com,867-566-5441,2420213,5149 Melby Parkway
Theo,Cavanagh,tcavanagh9h@mozilla.com,637-547-4707,8715446,03736 Scott Point
Philomena,Fairtlough,pfairtlough9i@g.co,2266-331-0678,5684324,484 Oneill Street
Becca,Vasyaev,bvasyaev9j@diigo.com,629-285-0225,8880599,6 Lake View Drive
Indira,Nuzzi,inuzzi9k@seattletimes.com,868-192-9580,2839008,176 Cody Hill
Hendrika,Toffanelli,htoffanelli9l@infoseek.co.jp,3802-902-2841,5653624,62775 Dexter Way
Moishe,Van Halen,mvanhalen9m@bloglines.com,866-937-4567,6991537,9715 Village Green Court
Hoyt,Exter,hexter9n@patch.com,625-126-0063,4872895,96447 Paget Street
Ogdon,Pawfoot,opawfoot9o@bandcamp.com,862-963-8149,3268835,9 Ruskin Crossing
Darrelle,Kilshaw,dkilshaw9p@xrea.com,486-583-5404,8834702,74 Sachtjen Alley
Stanislaw,Berkowitz,sberkowitz9q@i2i.jp,868-564-8816,8763155,9 Rigney Point
Nixie,Kirsz,nkirsz9r@jimdo.com,305-149-1699,5810523,94 Stone Corner Center
Yancey,Alfuso,yalfuso9s@globo.com,869-706-4543,5814699,8 Golf Course Junction
Flory,Olcot,folcot9t@diigo.com,511-105-9222,1668083,40 Declaration Plaza
Josey,Worsalls,jworsalls9u@hibu.com,621-408-4199,5808509,5 Mayer Point
Deane,Hazelhurst,dhazelhurst9v@guardian.co.uk,335-604-3361,4465869,4979 Hagan Pass
Salomo,McCarty,smccarty9w@pcworld.com,333-893-8501,7292609,460 La Follette Plaza
Tracie,MacCleod,tmaccleod9x@chicagotribune.com,5959-691-5615,6785114,0 Fuller Hill
Valentia,Myrkus,vmyrkus9y@amazon.com,633-612-7114,2255812,88 Stone Corner Terrace
Irwin,Stood,istood9z@tinyurl.com,862-998-4925,4438048,0 6th Point
Symon,Luetkemeyers,sluetkemeyersa0@sitemeter.com,937-390-0735,5785993,286 Golf View Circle
Imogene,Quantrill,iquantrilla1@cam.ac.uk,869-794-0372,5866130,83850 Almo Alley
Gabriellia,Acomb,gacomba2@wix.com,864-925-1119,3388075,85213 Forest Dale Hill
Jaquelyn,Unthank,junthanka3@parallels.com,553-323-7600,4209178,73 Kedzie Crossing
Lina,Blethin,lblethina4@wix.com,554-183-5087,6126903,8 Park Meadow Junction
Katy,McAnulty,kmcanultya5@marriott.com,12-464-7224,2685085,789 Monument Lane
Shayna,MacRory,smacrorya6@paypal.com,2444-635-8354,2497613,07 Dexter Hill
Emmaline,Edson,eedsona7@etsy.com,471-304-9902,3425954,58984 Thierer Trail
Casandra,Sambiedge,csambiedgea8@mtv.com,627-746-6052,6155163,007 Melody Street
Uta,Traut,utrauta9@arstechnica.com,3865-549-7159,2517653,3 Mandrake Place
Daren,Worrell,dworrellaa@cam.ac.uk,864-455-2922,3786245,95514 Comanche Lane
Marlo,Boarer,mboarerab@purevolume.com,558-802-3362,1960816,3964 Kedzie Circle
Carlin,Rodenburg,crodenburgac@themeforest.net,571-612-2928,1547395,68 Elgar Junction
Kevyn,Bulfoy,kbulfoyad@jalbum.net,557-375-4402,7495697,4829 8th Road
Bran,Cairney,bcairneyae@blogs.com,464-496-6290,8819726,6 Heffernan Lane
Nomi,Hazlewood,nhazlewoodaf@blog.com,815-438-9431,6133319,677 Mallory Park
Gordon,Sorton,gsortonag@hatena.ne.jp,3517-827-4373,7407650,0 Vernon Road
Silvie,Thecham,sthechamah@europa.eu,2243-929-2325,6095911,98 Springview Place
Valerye,Tremellan,vtremellanai@imdb.com,78-386-7650,2026388,24 Morrow Circle
Adolpho,Cousins,acousinsaj@arizona.edu,4205-693-1913,6601753,691 Raven Avenue
Tammara,Siburn,tsiburnak@google.es,4201-371-0043,3745110,64860 Northfield Junction
Neel,Gabey,ngabeyal@deliciousdays.com,9627-891-6606,2009725,966 Morningstar Road
Carmel,Gravet,cgravetam@who.int,488-750-1888,8450376,7 Utah Court
Melisa,Habin,mhabinan@businessweek.com,627-520-8068,4235454,37 Crownhardt Center
Dareen,Vlasin,dvlasinao@bluehost.com,627-960-6930,6676778,406 Nova Point
Camey,Oliver-Paull,coliverpaullap@ca.gov,75-124-3778,5020180,32098 Kinsman Road
Clem,Collinwood,ccollinwoodaq@paypal.com,867-697-1912,6656056,8508 Green Ridge Circle
Lanita,Sigsworth,lsigsworthar@fc2.com,516-291-3348,4647473,7374 Coleman Center
Marlon,Doxsey,mdoxseyas@soundcloud.com,78-143-0685,3444162,18894 Roxbury Parkway
Roldan,Bradneck,rbradneckat@soup.io,369-933-8113,7695766,97 Bayside Drive
Levy,Goulstone,lgoulstoneau@fc2.com,624-537-5889,4510344,178 Logan Way
Ferdinanda,Thornbarrow,fthornbarrowav@friendfeed.com,486-312-8121,7175147,7 Oriole Crossing
Olympia,Wainscoat,owainscoataw@networksolutions.com,3855-686-1571,3128256,5027 Buell Parkway
Dillie,Mincini,dminciniax@theguardian.com,631-655-3075,8645537,7 Dakota Avenue
Minni,Campa,mcampaay@squarespace.com,862-454-4195,7665620,70209 3rd Pass
Walton,Plevin,wplevinaz@weibo.com,866-718-6491,7614342,6331 Ramsey Trail
Aurthur,Storah,astorahb0@t.co,631-301-9850,4499642,9 Menomonie Point
Codie,Viall,cviallb1@noaa.gov,3515-809-9421,7481894,5 Declaration Park
Charley,Frisby,cfrisbyb2@va.gov,5036-203-5234,7572957,57 Boyd Road
Gaby,Baalham,gbaalhamb3@nationalgeographic.com,4207-446-6082,2437276,1796 Graceland Crossing
Winonah,Le Maitre,wlemaitreb4@guardian.co.uk,868-754-4557,6650608,8 Transport Plaza
Sheba,Blanshard,sblanshardb5@bing.com,861-350-8798,7691603,26750 Eastwood Road
Consuelo,Moline,cmolineb6@i2i.jp,12-412-2913,5343106,6203 Spaight Avenue
Gerhard,MacAlister,gmacalisterb7@google.com.br,558-277-5464,4298750,89262 High Crossing Plaza
Easter,Twinterman,etwintermanb8@hugedomains.com,862-442-0798,4197096,426 Muir Crossing
Drusilla,Joontjes,djoontjesb9@simplemachines.org,8867-424-5404,6284001,950 Spaight Crossing
Rhianon,Pool,rpoolba@tiny.cc,628-434-0204,5125931,76808 Grim Way
Marinna,Fittis,mfittisbb@lulu.com,629-984-0619,3233549,06 Hallows Junction
Pooh,Anniwell,panniwellbc@columbia.edu,78-680-9539,3403762,42043 Bellgrove Hill
Tucky,Zarb,tzarbbd@prlog.org,866-750-0571,2006134,11 Fremont Lane
Uta,Pierrepoint,upierrepointbe@prweb.com,635-497-2156,6132199,6598 Reindahl Hill
Clareta,Pringley,cpringleybf@elpais.com,623-567-3011,3366778,7 Fairview Place
Dell,Westhoff,dwesthoffbg@wikipedia.org,628-350-8553,7676561,825 Haas Terrace
Linda,Stockdale,lstockdalebh@disqus.com,629-504-5418,2240925,87497 West Pass
Benetta,Mussotti,bmussottibi@meetup.com,336-140-7739,4490639,940 Thierer Center
Elnar,Arend,earendbj@guardian.co.uk,865-358-2131,5565447,04 Kennedy Lane
Selena,Cobb,scobbbk@princeton.edu,579-958-5749,3718877,20 Esker Point
Sheffy,Walshaw,swalshawbl@google.com,543-584-8627,7617570,66557 Orin Trail
Loraine,Panyer,lpanyerbm@infoseek.co.jp,621-680-2072,1586886,83733 Valley Edge Park
Evelin,Esslement,eesslementbn@blogger.com,9764-917-2911,3609570,9 Declaration Parkway
Ewell,Abrahmer,eabrahmerbo@nytimes.com,586-864-3938,6758505,1 Mendota Crossing
Ame,Champagne,achampagnebp@seesaa.net,9764-576-1459,3065584,6669 Lawn Trail
Alyosha,Andreou,aandreoubq@mapy.cz,9706-690-6931,5759547,01 Anthes Road
Nicola,Trowill,ntrowillbr@stanford.edu,863-924-8548,6128754,70267 Arrowood Center
Esther,McMahon,emcmahonbs@guardian.co.uk,482-669-4919,2147161,211 Almo Plaza
Roxanna,Bunhill,rbunhillbt@cdbaby.com,521-318-0498,6834988,1575 Huxley Circle
Brietta,Heineke,bheinekebu@java.com,624-329-3501,2844934,12026 Mcguire Point
Lorettalorna,Espley,lespleybv@nih.gov,15-826-2364,4714378,248 Washington Park
Natala,Lickess,nlickessbw@photobucket.com,525-362-1128,2013049,53 Di Loreto Parkway
Irvin,Bonefant,ibonefantbx@washingtonpost.com,867-352-1025,5195228,454 Norway Maple Circle
Kinny,Snailham,ksnailhamby@hugedomains.com,814-973-5407,4896160,67 Carey Trail
Trueman,Munsey,tmunseybz@usatoday.com,3856-651-3088,2971817,83 Judy Court
Wells,Potapczuk,wpotapczukc0@multiply.com,869-356-3474,7139555,01950 Carey Lane
Eloisa,Sire,esirec1@eepurl.com,2349-971-2498,3688697,043 Crowley Center
Ax,Escoffrey,aescoffreyc2@opera.com,71-838-7321,1605776,7 Kings Park
Kendricks,Scamp,kscampc3@nhs.uk,629-821-9202,2243004,8056 Debra Terrace
Gregg,Ganny,ggannyc4@purevolume.com,625-217-5982,6048746,3963 Gale Pass
Pace,Larby,plarbyc5@ucla.edu,72-659-8983,4357888,0007 John Wall Trail
Aurilia,Wallman,awallmanc6@baidu.com,3586-106-6013,1467045,886 Algoma Parkway
Nicoline,Nother,nnotherc7@seattletimes.com,3515-513-3424,3959165,7 Warbler Circle
Gennie,Boother,gbootherc8@smugmug.com,3852-699-9118,6982148,729 Arrowood Center
Analise,Bidgod,abidgodc9@redcross.org,862-173-6106,5155216,3 Killdeer Way
Eileen,Brimming,ebrimmingca@upenn.edu,624-156-9970,7530401,92868 Corben Way
Devlen,Chiese,dchiesecb@jiathis.com,9646-916-8984,4365542,7 Orin Street
Prent,Carnell,pcarnellcc@dagondesign.com,15-473-7206,6942809,6 Carpenter Park
Dukie,Mahedy,dmahedycd@cornell.edu,573-762-1800,1462189,923 Maryland Point
Cornelius,Sandell,csandellce@moonfruit.com,75-572-6385,3810618,59475 Surrey Point
Morten,Moreno,mmorenocf@desdev.cn,951-698-4386,6976639,87 Kings Trail
Danyelle,Echallier,dechalliercg@discuz.net,628-898-1119,6336474,7 Wayridge Lane
Denver,Gaitley,dgaitleych@ovh.net,524-382-4617,8973981,528 Tennyson Street
Pancho,Bowskill,pbowskillci@npr.org,469-373-7888,1027675,7 Waubesa Center
Fedora,Stranieri,fstraniericj@list-manage.com,5062-900-3694,7369473,42 Monument Drive
Ford,Batha,fbathack@cam.ac.uk,3598-844-7900,6342179,22 Beilfuss Way
Jewelle,Manueau,jmanueaucl@mysql.com,9707-800-4562,2438016,5 Macpherson Road
Eloise,Sandeford,esandefordcm@cdc.gov,315-599-5542,4925098,5880 Steensland Park
Frederich,Marples,fmarplescn@sohu.com,638-862-4368,8497737,468 Oak Valley Crossing
Donnie,Wolfenden,dwolfendenco@walmart.com,631-254-8469,7719537,321 Vera Pass
Sonja,Geffe,sgeffecp@mysql.com,555-938-8929,6211257,248 Mariners Cove Avenue
Daune,Wyatt,dwyattcq@nifty.com,334-918-8019,4509618,69285 Hagan Circle
Berton,Threadgall,bthreadgallcr@miitbeian.gov.cn,865-302-2234,5032238,1067 Dapin Street
Grissel,Readie,greadiecs@smugmug.com,75-953-8512,5899338,9209 Forest Alley
Bailey,Devany,bdevanyct@angelfire.com,863-315-0329,6496922,57 Anniversary Court
Tamra,Durie,tduriecu@zdnet.com,516-622-7707,3881241,7803 Hintze Parkway
Erwin,Benns,ebennscv@buzzfeed.com,635-910-2568,5250089,0785 Doe Crossing Center
Diane,Lantaph,dlantaphcw@msn.com,543-876-1333,5159279,2 Schlimgen Center
Celle,Weatherhill,cweatherhillcx@apple.com,863-989-3072,7793867,5 Hooker Junction
Jemmy,Spacey,jspaceycy@nih.gov,623-873-5292,2595116,35 Harper Pass
Gothart,Macveigh,gmacveighcz@skype.com,4207-179-7719,6158987,64056 Fallview Terrace
Liuka,Hauxley,lhauxleyd0@reference.com,862-615-2995,3139536,681 Dakota Alley
Sam,Guiraud,sguiraudd1@aol.com,554-361-3616,4555016,9 Starling Junction
Shelden,Swash,sswashd2@biglobe.ne.jp,12-538-1442,8782568,2 Schiller Road
Emmeline,Denne,edenned3@fc2.com,2567-200-3738,3263393,537 3rd Circle
Kissie,Stones,kstonesd4@xing.com,632-542-6213,6198688,07786 Troy Alley
Mendel,Sumbler,msumblerd5@mtv.com,308-794-9689,5219097,6 Sutherland Street
Sheff,Benjafield,sbenjafieldd6@tmall.com,72-675-0313,8298982,89 Kings Road
Hanan,Lauchlan,hlauchland7@illinois.edu,478-829-4126,4253396,96411 Paget Street
Innis,Gartshore,igartshored8@dot.gov,868-774-0056,3356825,46 Washington Road
Wallis,Pakeman,wpakemand9@over-blog.com,629-189-0638,8486426,5899 Lunder Drive
Glynn,Wyeld,gwyeldda@cam.ac.uk,74-838-7913,7593683,691 Fuller Junction
Gayle,Igoe,gigoedb@t.co,78-445-5907,5211517,729 Moulton Pass
Papagena,Coverley,pcoverleydc@howstuffworks.com,12-531-2820,2369943,38 Red Cloud Place
Giffard,Charte,gchartedd@ucla.edu,5073-600-4925,4574496,728 Montana Road
Kimmie,Hubbocks,khubbocksde@purevolume.com,489-937-1478,3677304,01595 Ronald Regan Place
Nanny,Ledster,nledsterdf@vinaora.com,621-791-6299,5598432,6676 Oxford Trail
Dehlia,Peddel,dpeddeldg@dmoz.org,485-722-8080,6820806,86758 Lien Street
Phip,Moules,pmoulesdh@pagesperso-orange.fr,622-674-1697,2189021,66 Pierstorff Circle
Ennis,Rulton,erultondi@sphinn.com,3511-521-9764,3811565,7614 Pine View Lane
Michele,Colthard,mcoltharddj@webnode.com,627-990-0858,7979658,8 Hoffman Junction
Michaela,Cranston,mcranstondk@nih.gov,869-721-9695,4620208,61034 Waxwing Street
Martie,Courtney,mcourtneydl@zdnet.com,2123-522-3334,4924321,80 Texas Plaza
Packston,Loyns,ploynsdm@nih.gov,3742-279-9806,4872168,39 Fulton Lane
Lanny,Crosher,lcrosherdn@amazon.co.jp,867-896-1344,4942038,2709 Sullivan Court
Ansel,Dudleston,adudlestondo@typepad.com,3704-682-1823,6651890,8 Milwaukee Junction
Christoffer,Ronayne,cronaynedp@indiegogo.com,5011-225-4915,6925983,7001 Cardinal Court
Anatollo,Woloschin,awoloschindq@patch.com,571-190-1001,2125926,730 Spaight Junction
Colby,Houdhury,choudhurydr@hud.gov,4208-373-4649,7197619,2708 Upham Court
Leoine,Click,lclickds@ucoz.com,484-485-7019,2243804,17 Roxbury Road
Marcus,Eyckelbeck,meyckelbeckdt@indiatimes.com,867-969-2627,7234319,617 Westend Crossing
Olga,Kruschev,okruschevdu@linkedin.com,577-891-8637,8747983,67178 Vernon Street
Shellie,Simchenko,ssimchenkodv@slideshare.net,481-949-9754,4052809,54698 Hooker Parkway
Isobel,Alban,ialbandw@barnesandnoble.com,635-469-5970,1189979,01 Dwight Junction
Paulie,Gibbin,pgibbindx@dot.gov,864-526-7203,4893196,4 Johnson Court
Walsh,Metham,wmethamdy@bing.com,2304-473-7237,8211254,7674 Sauthoff Hill
Maryrose,Hicks,mhicksdz@csmonitor.com,469-881-6495,5178866,64 Linden Lane
Uriah,De Vaux,udevauxe0@1688.com,633-599-4557,4107101,600 Melody Plaza
Vite,Bossons,vbossonse1@imgur.com,628-142-8209,1351102,3 Memorial Center
Niles,Lawrenson,nlawrensone2@joomla.org,547-245-9618,3123998,094 Parkside Street
Melessa,Sweedy,msweedye3@psu.edu,304-239-5220,7191369,235 South Plaza
Lia,Struthers,lstrutherse4@123-reg.co.uk,482-399-6792,1794605,58 Moland Court
Talia,Tremble,ttremblee5@wikia.com,868-521-4316,7621209,20358 Prairieview Crossing
Winfred,Clem,wcleme6@upenn.edu,648-114-4339,7642342,9 Tomscot Court
Juliane,Romanet,jromanete7@simplemachines.org,558-639-0692,1226280,6 Claremont Road
Conchita,Gamwell,cgamwelle8@telegraph.co.uk,868-994-2341,1047599,815 Sheridan Street
Moina,Ferrillo,mferrilloe9@instagram.com,9726-395-3428,6645518,459 Columbus Road
Hedi,Winston,hwinstonea@qq.com,624-917-8176,5540265,3509 Stang Alley
Ty,Badrick,tbadrickeb@google.it,553-219-6493,7439176,359 Bowman Plaza
Dominique,Syphus,dsyphusec@google.nl,559-343-7233,2207043,7 Badeau Plaza
Claresta,Askey,caskeyed@de.vu,77-106-4799,2513956,234 Melvin Road
Ely,Dat,edatee@usatoday.com,74-582-2573,1654937,70471 Sunbrook Hill
Phillie,Steuart,psteuartef@imageshack.us,18-281-9787,2875171,317 Golden Leaf Way
Lammond,Gouge,lgougeeg@geocities.com,338-550-3669,2771584,9607 Sauthoff Junction
Minetta,Maccari,mmaccarieh@spotify.com,9764-747-5957,8657741,6113 Bonner Parkway
Syd,Pain,spainei@ox.ac.uk,866-851-2969,3010980,14 Heffernan Trail
Renelle,Yourell,ryourellej@webmd.com,867-133-8490,6941205,09285 Shelley Road
Rhiamon,Rumbelow,rrumbelowek@geocities.jp,578-262-5112,5902891,577 Heffernan Park
Barret,Wookey,bwookeyel@illinois.edu,637-249-4208,1681428,1 Sunbrook Hill
Rori,Lacroux,rlacrouxem@yahoo.co.jp,2339-781-9930,7442080,1505 Corry Circle
Weston,Capaldi,wcapaldien@wikimedia.org,76-796-0818,2782988,76 Summer Ridge Point
Arlie,Chrystal,achrystaleo@elpais.com,632-695-6918,2419614,7 School Lane
Sherm,Fihelly,sfihellyep@cnn.com,633-993-5051,1289489,0370 David Circle
Griselda,Emptage,gemptageeq@shutterfly.com,869-591-7972,4238487,719 Mandrake Pass
Maurita,Bruneton,mbrunetoner@live.com,3744-428-9193,1677065,68 Farmco Junction
Arluene,Harnor,aharnores@ucla.edu,627-322-5482,8687283,1541 Marcy Place
Pincas,Olyff,polyffet@upenn.edu,609-185-4012,5309844,71 Ridge Oak Avenue
Thatcher,Rogeron,trogeroneu@fda.gov,11-913-4919,1434081,6 Mccormick Parkway
Reginauld,Duval,rduvalev@jalbum.net,869-584-8193,2556820,54 Fieldstone Pass
Gerladina,Clegg,gcleggew@clickbank.net,551-121-7141,6306683,30 Sunnyside Circle
Maybelle,Twitchett,mtwitchettex@omniture.com,627-396-0478,5054710,846 Meadow Valley Lane
Vite,Frost,vfrostey@simplemachines.org,272-749-5424,5986444,174 Amoth Lane
Ina,Marsden,imarsdenez@storify.com,305-988-6781,4617936,8 Blue Bill Park Terrace
Dael,Thurnham,dthurnhamf0@walmart.com,636-498-4356,6817874,21 Debra Court
Jayme,Johnigan,jjohniganf1@skype.com,864-146-2546,7783828,1 Golf View Alley
Kyle,Stangroom,kstangroomf2@vimeo.com,559-803-5360,2912725,15 Sommers Street
Persis,Webbe,pwebbef3@npr.org,467-655-4588,6752313,8921 5th Court
Lillis,Maffy,lmaffyf4@unblog.fr,334-672-1744,4314041,5923 Luster Trail
Anabella,Squibbs,asquibbsf5@domainmarket.com,628-473-8416,1638626,4 Autumn Leaf Junction
Rachelle,Roder,rroderf6@weibo.com,552-813-2663,2168769,55 Basil Pass
Ingaborg,Skipper,iskipperf7@reddit.com,553-260-6601,6049023,94 Corry Pass
Beth,Shoebridge,bshoebridgef8@liveinternet.ru,633-531-4911,6290607,4 Carberry Way
Nikolos,Mazzilli,nmazzillif9@businessweek.com,275-187-0267,6139302,728 Red Cloud Alley
Zebadiah,Horsey,zhorseyfa@reference.com,2334-850-6580,8339321,83 Corscot Terrace
Saraann,Leek,sleekfb@rediff.com,866-817-4327,5153962,4678 Merry Junction
Michaela,Serjeantson,mserjeantsonfc@51.la,947-223-0170,3760357,28 West Center
Ardra,Rainey,araineyfd@ihg.com,626-312-1211,3802515,0 Russell Point
Lucienne,Haddow,lhaddowfe@hibu.com,4206-904-5579,5911506,31531 Leroy Park
Braden,Wettern,bwetternff@istockphoto.com,636-285-5972,3062575,349 Del Sol Plaza
Adda,Norrington,anorringtonfg@netscape.com,866-891-9873,6019261,217 Spenser Drive
Chuck,Malin,cmalinfh@wired.com,74-938-9204,4649685,87 Spohn Crossing
Wake,Cushion,wcushionfi@phoca.cz,601-859-3416,3089908,809 Eggendart Plaza
Bernadina,Flannery,bflanneryfj@va.gov,868-229-8153,8129744,36 Shoshone Crossing
Ynez,Ivachyov,yivachyovfk@imdb.com,666-166-2702,7077208,57 Basil Circle
Kay,Silveston,ksilvestonfl@miibeian.gov.cn,72-554-3386,2279629,43927 Ruskin Plaza
Darin,Kiljan,dkiljanfm@a8.net,866-739-1919,3987277,18 Reindahl Circle
Guenna,Sanday,gsandayfn@wufoo.com,841-281-4997,4487793,2557 Haas Alley
Shelton,Dikelin,sdikelinfo@over-blog.com,463-389-5164,4408706,644 Arkansas Place
Peria,McKeevers,pmckeeversfp@booking.com,813-928-7108,6269132,8 Bobwhite Circle
Mabelle,Yglesia,myglesiafq@sourceforge.net,639-948-4832,4279699,08439 Bunting Parkway
Madelyn,Hilhouse,mhilhousefr@parallels.com,3514-466-3052,3947809,73781 Tennessee Park
Vanya,McGarvey,vmcgarveyfs@studiopress.com,863-403-6377,2447612,3619 Moland Circle
Frederigo,Klimuk,fklimukft@shareasale.com,2345-365-5816,7975491,785 Waywood Road
Markus,Lendrem,mlendremfu@cornell.edu,72-310-6289,2825170,608 Florence Road
Danielle,MacKellar,dmackellarfv@so-net.ne.jp,77-200-3178,8223803,78724 Hazelcrest Point
Meriel,Colledge,mcolledgefw@umich.edu,624-808-3018,6627551,3895 Warrior Center
Brody,MacCallister,bmaccallisterfx@pen.io,3585-993-1100,2669896,95 Lien Parkway
Melonie,Dukes,mdukesfy@sun.com,629-387-7059,3747582,12 Algoma Alley
Lenette,Westhoff,lwesthofffz@wsj.com,12-198-7404,7765463,2 Fallview Plaza
Ignaz,Bullier,ibullierg0@homestead.com,461-339-7084,1976387,9 Manufacturers Trail
Myrlene,Aspall,maspallg1@barnesandnoble.com,628-653-8974,1584786,7248 Crest Line Point
Adah,Lukash,alukashg2@4shared.com,861-718-0853,3958592,874 Brown Hill
Tome,Truelove,ttrueloveg3@free.fr,575-743-7568,1693393,43098 Eggendart Terrace
Allegra,Fries,afriesg4@usda.gov,463-632-8183,3712999,7003 Crownhardt Crossing
Stearn,Gillingham,sgillinghamg5@apple.com,74-674-7460,4845665,7 Knutson Lane
Adda,Perrat,aperratg6@ehow.com,623-396-2316,5394691,973 Bobwhite Terrace
Reggis,Rigate,rrigateg7@fda.gov,628-891-7712,6852331,6228 Golf View Crossing
Mathias,Dimberline,mdimberlineg8@reference.com,487-898-9497,4848064,936 Muir Alley
Clementius,Baldacchino,cbaldacchinog9@forbes.com,3895-313-9668,7928238,51 1st Drive
Von,Kedie,vkediega@google.es,862-271-3241,8490893,11996 Becker Point
Norby,Newbury,nnewburygb@ucla.edu,16-627-7063,6875263,27219 Anthes Road
Gaile,Hadrill,ghadrillgc@msn.com,545-152-1116,5481551,656 5th Lane
Twyla,Cuthbert,tcuthbertgd@accuweather.com,74-366-9968,6046159,61392 Mitchell Way
Gabey,Custy,gcustyge@jigsy.com,3511-560-0202,6044449,8 Myrtle Point
Marylynne,Brugmann,mbrugmanngf@bbc.co.uk,868-465-6987,8642067,41 Continental Plaza
Thekla,Pepperrall,tpepperrallgg@bloglovin.com,346-541-1356,5973538,9 Prairieview Trail
Jelene,Eakle,jeaklegh@wikispaces.com,18-825-8957,6913509,7 Kedzie Drive
Ayn,D'Acth,adacthgi@free.fr,466-312-8203,1166241,128 Manley Plaza
Kristel,Harrold,kharroldgj@nytimes.com,866-564-2104,8716723,67 Mitchell Hill
Hort,Alfuso,halfusogk@sciencedaily.com,865-710-4393,1658693,9617 Nova Alley
Osmond,Shallo,oshallogl@nsw.gov.au,2342-304-2445,6464443,3 Havey Road
Damian,Brendish,dbrendishgm@senate.gov,861-343-5624,5592688,35845 Leroy Court
Fionna,Slogrove,fslogrovegn@reddit.com,71-491-3825,1437835,4 Bellgrove Park
Malanie,MacKim,mmackimgo@google.com.br,3531-445-0742,5302797,2 Blackbird Pass
Darrin,Weatherley,dweatherleygp@senate.gov,621-830-8593,8530544,6717 Park Meadow Circle
Brand,Cammish,bcammishgq@imgur.com,549-900-8339,2579205,88306 Forest Pass
Gabriel,Yearns,gyearnsgr@youtube.com,862-314-8729,2478980,74 2nd Junction
Matti,Maton,mmatongs@wordpress.org,461-880-3890,7056990,3 Tomscot Park
Innis,Ruck,iruckgt@weather.com,2372-507-0593,4256564,22 Gina Parkway
Oneida,Escalera,oescaleragu@si.edu,3804-162-9845,2286716,7818 Steensland Alley
Ola,Garmans,ogarmansgv@cyberchimps.com,558-826-2079,6472356,776 Welch Way
Courtney,Beers,cbeersgw@mlb.com,334-519-9174,8568031,74136 Stone Corner Circle
Ortensia,Liddiatt,oliddiattgx@upenn.edu,636-598-3240,6708464,16899 Pankratz Crossing
Emalia,Gallegos,egallegosgy@oakley.com,13-268-9174,6556349,806 Fremont Terrace
Latashia,Critoph,lcritophgz@oakley.com,867-111-0769,2876038,8 Golf Course Trail
Web,Parramore,wparramoreh0@youtube.com,397-950-2615,1389060,389 Bunker Hill Center
Jillayne,Yearby,jyearbyh1@bigcartel.com,13-666-0536,1660249,33 Mayfield Center
Raychel,Hunnicot,rhunnicoth2@imdb.com,867-864-2396,1595749,6652 Crowley Street
Ellie,Waddam,ewaddamh3@spotify.com,17-925-1935,1746708,77644 Esker Trail
Isadora,Le Grice,ilegriceh4@blogspot.com,486-183-1084,2782819,026 Warbler Terrace
Valentijn,Tolson,vtolsonh5@spiegel.de,866-952-3851,2150037,2 Bunker Hill Crossing
Gale,MacNamara,gmacnamarah6@amazon.com,3753-856-3131,2367861,2962 Katie Road
Eli,Woolen,ewoolenh7@i2i.jp,557-993-4099,1169415,39491 Gina Lane
Lindsy,Worssam,lworssamh8@github.com,861-647-4196,5973257,69 Declaration Court
Ugo,Rackley,urackleyh9@delicious.com,811-491-5184,6412325,5 Badeau Street
Christan,Natalie,cnatalieha@tamu.edu,868-730-5119,6255947,97290 Kim Hill
Dar,Victory,dvictoryhb@oracle.com,5047-585-0426,1363668,50214 Chinook Plaza
Joaquin,Drakard,jdrakardhc@goodreads.com,468-874-5946,3074263,7 Upham Lane
Shanta,Golling,sgollinghd@nifty.com,571-157-3785,6202688,52 Victoria Pass
Nester,Torrijos,ntorrijoshe@google.com.hk,624-915-8135,8601498,01 Karstens Alley
Thaddeus,Forsaith,tforsaithhf@bizjournals.com,71-725-4373,6314251,8 Service Court
Alison,Bwy,abwyhg@java.com,338-947-6652,2632062,55187 Killdeer Parkway
Genni,Munt,gmunthh@gravatar.com,867-819-1305,5582767,3959 Hoffman Avenue
Megan,McKeady,mmckeadyhi@npr.org,11-495-6841,4772364,6 Rockefeller Road
Glori,Buckthorpe,gbuckthorpehj@ucsd.edu,634-281-8805,7710861,28652 Luster Point
Debora,Aliman,dalimanhk@psu.edu,3809-947-2167,4353778,32 Fieldstone Circle
Donnie,Lealle,dleallehl@feedburner.com,632-177-5188,3673194,89875 Tennessee Court
Caril,Vickerstaff,cvickerstaffhm@friendfeed.com,569-642-8431,3164992,3 Dayton Way
Marybelle,Edghinn,medghinnhn@list-manage.com,868-733-3598,2314830,3 3rd Circle
Northrup,Songest,nsongestho@earthlink.net,334-539-4633,4249851,4 Summer Ridge Plaza
Adora,Clowley,aclowleyhp@theatlantic.com,861-631-2056,8235763,8143 Northfield Parkway
Rem,Shefton,rsheftonhq@uol.com.br,866-751-6009,2262391,1383 Shasta Street
Silva,Tingcomb,stingcombhr@sbwire.com,626-260-5209,4950542,41995 Golf Terrace
Filberto,Maha,fmahahs@squarespace.com,867-909-6662,1992863,46716 Hallows Lane
Sarene,Wivell,swivellht@gov.uk,18-644-7058,8766571,8938 Rieder Parkway
Turner,Rawood,trawoodhu@acquirethisname.com,3585-191-3206,7476589,2816 Ramsey Terrace
Kris,Winspar,kwinsparhv@sbwire.com,549-589-1530,2317636,0931 Thompson Center
Keith,Waumsley,kwaumsleyhw@toplist.cz,274-610-8138,4203221,840 Waywood Plaza
Elsie,Doumic,edoumichx@arstechnica.com,862-205-5462,5579692,88967 Hooker Point
Curtis,Lockery,clockeryhy@edublogs.org,2166-728-9768,6779569,158 Ruskin Way
Alden,Ricold,aricoldhz@homestead.com,71-425-2372,8768570,744 3rd Terrace
Emmit,Cutress,ecutressi0@upenn.edu,3858-169-7393,2699979,09700 Transport Alley
Edna,Ripon,eriponi1@surveymonkey.com,817-391-9553,2672499,3 Florence Court
Karlyn,Biagi,kbiagii2@amazon.co.uk,2347-846-1026,7725071,0 Hintze Way
Mavis,Turri,mturrii3@tuttocitta.it,5954-976-8680,3197252,39440 Fieldstone Place
Elianore,Witherdon,ewitherdoni4@about.me,626-716-3060,3426942,2 Springview Place
Cindelyn,Tort,ctorti5@booking.com,76-541-8894,3305674,8536 Colorado Junction
Valentia,Gammon,vgammoni6@ning.com,2699-447-9735,1149357,71781 Barnett Street
Annalee,Beachem,abeachemi7@blogtalkradio.com,627-397-5839,1757910,182 Merchant Drive
Kristos,Wigsell,kwigselli8@163.com,932-436-2201,2781103,9 Loomis Way
Calhoun,Perren,cperreni9@slideshare.net,552-201-2244,5499868,5270 Porter Center
Hubey,Shrimptone,hshrimptoneia@trellian.com,467-987-5674,1959022,48 Leroy Circle
Bren,Wegner,bwegnerib@blinklist.com,3801-877-6301,3812496,1614 Oriole Street
Joey,Ruckman,jruckmanic@gmpg.org,482-637-1201,1301928,21182 Petterle Hill
Shea,Blunsen,sblunsenid@aol.com,18-382-1857,7682468,8 Manufacturers Pass
Tomaso,Desport,tdesportie@europa.eu,76-399-1198,5629493,86683 Thompson Point
Dareen,Knight,dknightif@networksolutions.com,335-292-8293,7488947,9310 Hallows Alley
Urban,Desporte,udesporteig@bbb.org,17-733-5215,6403719,98 Waxwing Street
Ludovico,Tait,ltaitih@latimes.com,572-671-3010,8658266,56874 Sommers Avenue
Vinnie,Reimer,vreimerii@abc.net.au,865-539-2041,1125085,393 Oak Valley Trail
Cindi,Torr,ctorrij@123-reg.co.uk,2637-844-2994,4846406,26769 Lyons Way
Markos,Peltz,mpeltzik@zdnet.com,811-507-1766,6623746,408 Nelson Pass
Wilona,Sabben,wsabbenil@hugedomains.com,553-752-2263,4390367,9404 Prentice Terrace
Gabriello,Leynton,gleyntonim@yale.edu,863-602-2790,2573838,04 Iowa Parkway
Lula,Pinnijar,lpinnijarin@bing.com,3515-962-5297,7158295,968 Dorton Circle
Mersey,Handling,mhandlingio@tinypic.com,4207-151-7489,6820314,574 Kedzie Alley
Dewitt,Pyzer,dpyzerip@zdnet.com,465-122-6565,2311845,8 Columbus Center
Innis,McGarvey,imcgarveyiq@feedburner.com,77-916-6955,4027011,6 Moulton Lane
Onfroi,Kobiela,okobielair@godaddy.com,72-960-1638,8894961,22189 Farragut Center
Violette,Gisburne,vgisburneis@umich.edu,465-304-3214,2158547,5948 Kings Terrace
Coleen,Yukhnevich,cyukhnevichit@mlb.com,629-749-2028,4390161,6006 Corben Pass
Corri,Behning,cbehningiu@geocities.jp,3786-304-2941,4435406,6970 Ilene Parkway
Benny,Puller,bpulleriv@blogspot.com,863-138-5012,1471117,3047 Randy Road
Oates,Buckthorpe,obuckthorpeiw@smh.com.au,544-190-4255,6359687,27789 Redwing Street
Immanuel,Wakes,iwakesix@chronoengine.com,3725-284-2234,2013218,5783 Eagan Drive
Ermin,Beatty,ebeattyiy@networksolutions.com,862-704-5326,1390600,58552 Bultman Crossing
Lavinia,Craythorne,lcraythorneiz@networksolutions.com,2327-110-5678,4144774,1335 Kenwood Alley
Bertrand,Postlethwaite,bpostlethwaitej0@google.com,867-214-7653,1806206,35671 Summer Ridge Trail
Adan,Briamo,abriamoj1@whitehouse.gov,3748-402-2041,5401752,58 High Crossing Junction
Morry,Joselson,mjoselsonj2@google.co.jp,3597-324-8867,6841055,403 Pearson Terrace
Inger,Nozzolii,inozzoliij3@amazon.de,3532-773-4353,4537924,506 Lighthouse Bay Terrace
Salvador,Sinnatt,ssinnattj4@bluehost.com,9763-786-4550,1347903,46 Declaration Terrace
Daisie,Rosenvasser,drosenvasserj5@fc2.com,77-754-5454,1808454,23 Village Green Pass
Hinze,Dymond,hdymondj6@webeden.co.uk,819-998-1377,6461410,38 Fulton Trail
Guido,Climo,gclimoj7@msu.edu,634-490-0509,8055876,81 Doe Crossing Circle
Ingaberg,Bullar,ibullarj8@drupal.org,2349-210-4561,8494015,32183 Linden Place
Svend,Hilbourne,shilbournej9@harvard.edu,469-177-8713,2113691,74 Mariners Cove Park
Jewell,Iddiens,jiddiensja@berkeley.edu,523-141-1737,1983544,58 Dayton Terrace
Almire,Allerton,aallertonjb@time.com,2497-408-2041,7549665,6138 Cherokee Pass
Natty,Buck,nbuckjc@nhs.uk,5915-769-8188,6169832,58371 Raven Terrace
Magdalena,Tappor,mtapporjd@360.cn,533-475-4688,2206668,248 Elgar Point
Darnell,Cobbin,dcobbinje@zdnet.com,14-140-0106,7469523,52826 Maryland Road
Alfonse,Jennings,ajenningsjf@bbb.org,817-142-5272,8668844,4 Sullivan Parkway
Gilligan,Chaudrelle,gchaudrellejg@dagondesign.com,869-711-9221,7865595,34455 Union Alley
Fraser,Sherwill,fsherwilljh@livejournal.com,546-609-7042,4832798,572 Helena Trail
Marcella,Rothwell,mrothwellji@timesonline.co.uk,629-302-5065,8753298,269 Shoshone Junction
Andrey,Sentance,asentancejj@linkedin.com,626-592-7622,4181287,25 Shoshone Terrace
Ricki,De Paoli,rdepaolijk@huffingtonpost.com,334-131-8058,8761849,49 Starling Junction
Janette,Goulbourn,jgoulbournjl@phpbb.com,634-546-1984,2794771,9 Sheridan Hill
Ebonee,Prowse,eprowsejm@wikia.com,551-872-4609,4415428,2308 Di Loreto Center
Les,Embra,lembrajn@diigo.com,469-798-7759,2489307,7406 Dryden Circle
Orly,Guilloneau,oguilloneaujo@pagesperso-orange.fr,636-755-4694,4173536,0 Artisan Plaza
Anne,Hollingsbee,ahollingsbeejp@a8.net,3703-894-4788,8315991,7 Iowa Street
Burt,McGonigal,bmcgonigaljq@house.gov,2346-909-8531,4656969,0 Blue Bill Park Avenue
Bibbie,Lightowler,blightowlerjr@jalbum.net,481-566-5394,4545395,484 Morningstar Trail
Yance,Blundell,yblundelljs@alexa.com,627-872-2779,3849679,79 Browning Plaza
Ragnar,Aspole,raspolejt@live.com,866-515-2571,2441969,9559 Golden Leaf Circle
Sebastiano,Strasse,sstrasseju@ameblo.jp,4208-735-2859,2944635,6 Anniversary Terrace
Edouard,McAsgill,emcasgilljv@vistaprint.com,628-146-3948,7390258,176 Del Mar Lane
Lucius,Furlonge,lfurlongejw@parallels.com,3515-238-4179,3133795,53 Scott Center
Hillary,Dewi,hdewijx@amazon.de,568-279-7264,3433114,6 Mesta Lane
Elvera,Keford,ekefordjy@amazon.co.uk,849-392-4259,5930607,5781 Amoth Court
Reynold,Rodrig,rrodrigjz@stumbleupon.com,632-851-6485,2203287,56214 Mcbride Plaza
Isadora,Glantz,iglantzk0@constantcontact.com,278-354-8070,6481866,670 Helena Trail
Berkeley,Stampe,bstampek1@businessweek.com,12-490-1787,5129403,994 Superior Point
Marten,Spaducci,mspaduccik2@cam.ac.uk,3805-472-6760,4636184,8012 Tony Park
Sanders,Dobrowski,sdobrowskik3@sfgate.com,638-539-4597,3018305,4 Fairfield Alley
Aurore,Halewood,ahalewoodk4@nih.gov,665-981-4335,7031522,4 Stang Terrace
Layney,Wimpeney,lwimpeneyk5@statcounter.com,864-280-6821,7922164,2 East Circle
Garrot,Farney,gfarneyk6@imageshack.us,484-826-7056,6066882,199 Sachs Lane
Lynn,Coltart,lcoltartk7@godaddy.com,13-709-5416,5345865,21161 Sachs Parkway
Shandy,Stede,sstedek8@furl.net,571-355-0175,2343537,76 Kim Hill
Filmore,Goggen,fgoggenk9@flavors.me,865-327-1142,4033225,2 Homewood Pass
Tommie,Rothschild,trothschildka@washingtonpost.com,948-756-8431,1481597,58986 Crest Line Alley
Sully,Elan,selankb@archive.org,331-560-7238,3964877,1 Springview Terrace
Barby,Le Hucquet,blehucquetkc@ameblo.jp,3522-486-5342,3146677,67 Orin Terrace
Liz,Cassley,lcassleykd@opera.com,2121-613-4306,4764875,4309 Quincy Alley
Link,Jamson,ljamsonke@biglobe.ne.jp,73-663-3609,3114696,4 Saint Paul Pass
Amity,Ricarde,aricardekf@epa.gov,865-982-0455,3759456,466 Transport Road
Joanna,McReynolds,jmcreynoldskg@europa.eu,626-257-0643,8386198,0088 Sachs Alley
Genni,Dudgeon,gdudgeonkh@taobao.com,632-939-3174,4685861,533 Derek Plaza
Audrey,Robelin,arobelinki@wordpress.com,3557-170-1691,1648902,287 Porter Point
Leontine,Bramstom,lbramstomkj@odnoklassniki.ru,336-239-6784,7582711,988 Logan Crossing
Sigismund,McFadzean,smcfadzeankk@toplist.cz,3814-570-9922,5860200,81197 Main Road
Patricio,Farryann,pfarryannkl@icio.us,624-804-7002,3974776,16 Schiller Plaza
Wenonah,Bernardoux,wbernardouxkm@netvibes.com,309-919-6903,4924464,2 Karstens Pass
Juana,Coughlin,jcoughlinkn@amazon.com,528-539-9609,5506018,7 Texas Place
Kylie,Chalker,kchalkerko@360.cn,635-295-6122,4543467,21 Dayton Lane
Waiter,Baynard,wbaynardkp@nifty.com,865-179-2999,6642834,93393 Thierer Center
Zacharie,Ridger,zridgerkq@tuttocitta.it,3581-965-1172,1464843,582 Oriole Crossing
Dorolice,Gritskov,dgritskovkr@google.nl,623-618-2634,7473698,4 Portage Street
Kimberlee,Rouby,kroubyks@privacy.gov.au,631-907-5459,1634705,68301 West Center
Rafaelita,Dailly,rdaillykt@census.gov,633-415-2392,2338096,15 Coolidge Court
Hanny,Gladwell,hgladwellku@tiny.cc,623-473-1430,6792579,2 Nelson Trail
Sammy,Sherreard,ssherreardkv@51.la,79-813-1975,8959514,23518 Twin Pines Park
Bartolomeo,Maydway,bmaydwaykw@ted.com,3811-536-7016,3646035,743 Tennyson Place
Shannen,Massow,smassowkx@java.com,627-550-8243,5642127,37 Lunder Circle
Myrtia,Semiras,msemirasky@godaddy.com,553-187-6663,3844133,95563 Esch Plaza
Annelise,Ballantyne,aballantynekz@shop-pro.jp,304-937-4509,7048223,92002 Daystar Road
Chane,Leetham,cleethaml0@washingtonpost.com,337-474-6031,7183575,089 Bayside Alley
Lyman,Alexsandrev,lalexsandrevl1@ucla.edu,15-312-3339,8280849,56298 Del Sol Road
Zechariah,Staining,zstainingl2@dmoz.org,485-581-2018,8183969,99 Lyons Place
Fields,Gaddas,fgaddasl3@sourceforge.net,863-829-2238,1099364,1 Gateway Plaza
Carson,Ferrarone,cferraronel4@csmonitor.com,484-503-8778,2010011,40973 Cody Way
Nady,Lowth,nlowthl5@time.com,489-459-9173,4506902,1 Del Mar Center
Morrie,Dare,mdarel6@google.ca,9703-180-4930,3882610,51 Goodland Drive
Rafaela,Rubbert,rrubbertl7@ucoz.ru,622-358-6919,3807675,4 Dwight Avenue
Eddie,Prandini,eprandinil8@samsung.com,867-210-4276,7961567,92 Macpherson Terrace
Celene,Sher,csherl9@go.com,337-229-3446,6964780,23552 Bultman Crossing
Emery,Wadforth,ewadforthla@sphinn.com,19-710-9775,6927430,6332 Fallview Park
Thibaud,Rickersy,trickersylb@livejournal.com,277-644-4337,3976712,67 Warrior Road
Ashla,Reinhart,areinhartlc@home.pl,3586-189-8006,2990449,442 Graedel Street
Duane,Churchill,dchurchillld@symantec.com,669-851-1792,1633823,07 Dwight Parkway
Kristine,Kenlin,kkenlinle@merriam-webster.com,9983-388-4497,6425313,38399 Esker Road
Bartholemy,McHale,bmchalelf@bloglines.com,484-682-7702,6564704,13 Marcy Avenue
Leona,Dismore,ldismorelg@comcast.net,861-916-7032,2275217,36161 Westend Crossing
Ware,Harg,wharglh@biglobe.ne.jp,625-942-5970,6849190,50 Cascade Park
Daryle,MacGown,dmacgownli@shinystat.com,622-380-0422,7628133,8 Rutledge Road
Mathian,Painswick,mpainswicklj@xrea.com,867-316-4771,6828303,0380 Johnson Trail
Livvy,Aimable,laimablelk@dyndns.org,577-474-1711,5211905,75 Paget Drive
Nicolette,Atterley,natterleyll@bing.com,866-315-8571,1032913,11 Charing Cross Drive
Silvano,Windrass,swindrasslm@shareasale.com,862-285-3775,8042914,5 Bonner Drive
Caty,Tinston,ctinstonln@ucoz.com,2166-507-3395,1790036,433 Forest Run Trail
Lolly,Coen,lcoenlo@w3.org,575-194-5149,3827252,65939 Arizona Center
Nelson,Duerdin,nduerdinlp@webnode.com,632-480-2467,1857288,4 Clarendon Circle
Gillian,Niset,gnisetlq@gravatar.com,3867-657-0505,6489085,2203 Butterfield Lane
Kore,Muck,kmucklr@samsung.com,469-887-9766,7448581,49967 Center Junction
Kakalina,Gathercoal,kgathercoalls@intel.com,866-413-8995,3343601,1 Milwaukee Drive
Desiri,Davidoff,ddavidofflt@liveinternet.ru,624-171-3849,3761658,00 Cardinal Court
Brian,Rivelin,brivelinlu@chron.com,2661-149-5102,7618392,447 Merchant Court
Ellary,Raubenheimer,eraubenheimerlv@cnbc.com,5067-174-1721,8667819,54764 Elka Lane
Hervey,De Coursey,hdecourseylw@reverbnation.com,14-592-4530,8024259,147 Sutteridge Road
Tedman,Pringle,tpringlelx@accuweather.com,819-837-2364,6508830,693 Melvin Circle
Ali,Lapsley,alapsleyly@wiley.com,631-206-9499,3190261,00 Banding Hill
Ellissa,Rowena,erowenalz@blogger.com,2343-106-5134,7943516,7 Orin Terrace
Johannes,Clayworth,jclayworthm0@hexun.com,369-649-5687,7673652,9 Blue Bill Park Way
Lidia,Mulder,lmulderm1@cafepress.com,861-452-4126,6387073,2041 Spaight Road
Mavis,Coady,mcoadym2@weebly.com,11-653-6970,1340791,565 Green Ridge Park
Bernarr,Lermouth,blermouthm3@timesonline.co.uk,9728-698-2401,4452060,85932 Caliangt Crossing
Dotty,Atack,datackm4@economist.com,867-591-8394,2585777,182 Green Hill
Perri,Sabey,psabeym5@amazon.de,634-893-2103,6353658,9 Namekagon Street
Dacy,Pettet,dpettetm6@parallels.com,865-254-5519,6995532,1169 Gulseth Junction
Ingmar,Askie,iaskiem7@guardian.co.uk,5046-813-3262,1185551,3522 6th Parkway
Allix,Croad,acroadm8@github.com,2123-474-9184,4761576,062 Butterfield Road
Kayla,Brimilcombe,kbrimilcombem9@samsung.com,463-308-7301,4672499,0590 Superior Park
Silvester,Pethick,spethickma@washingtonpost.com,16-536-0448,1208226,31 Hazelcrest Alley
Bernelle,Rubega,brubegamb@cornell.edu,488-928-3205,1864336,851 Little Fleur Street
Teodorico,Vine,tvinemc@istockphoto.com,625-488-2351,5271506,94 Vernon Junction
Cordy,Allsworth,callsworthmd@utexas.edu,552-471-8157,8238682,19 Lerdahl Street
Dollie,Philipson,dphilipsonme@columbia.edu,818-800-7888,8984485,50136 High Crossing Way
Heriberto,Du Fray,hdufraymf@theatlantic.com,2518-665-5254,1930473,7 Maryland Parkway
Say,Mabbott,smabbottmg@usgs.gov,532-840-1088,1096932,73 Merrick Avenue
Barrie,Kestin,bkestinmh@mysql.com,514-417-4535,5377519,6 Marcy Drive
Gillian,Bambridge,gbambridgemi@home.pl,3833-560-3792,3793715,860 Dovetail Center
Samson,Pawling,spawlingmj@nyu.edu,4207-656-7852,1546840,874 Marcy Circle
Darrelle,Patrickson,dpatricksonmk@istockphoto.com,6753-899-0197,3895148,4321 Warrior Plaza
Catrina,Gomar,cgomarml@prweb.com,867-888-2688,8300661,864 Menomonie Parkway
Hillier,Ebbing,hebbingmm@a8.net,3518-887-1287,4881307,8685 Reindahl Road
Madalena,Priscott,mpriscottmn@indiatimes.com,2551-327-2105,3632965,156 High Crossing Junction
Cesar,Brann,cbrannmo@bing.com,3584-241-9397,6583682,13406 Hoffman Street
Rafaelita,McBrier,rmcbriermp@ow.ly,9707-784-9651,4888675,84 Corben Terrace
Anjela,Lynn,alynnmq@xing.com,331-331-7908,2510408,2 1st Center
Ebonee,Donohoe,edonohoemr@deviantart.com,622-594-1780,8816740,440 Mccormick Drive
Amalia,Mimmack,amimmackms@imageshack.us,927-287-0971,5735612,7620 Randy Hill
Bidget,Snoday,bsnodaymt@liveinternet.ru,623-692-4449,6781855,4 International Hill
Bradley,Emmer,bemmermu@goo.ne.jp,625-573-4162,7516257,355 Graceland Court
Gunar,Baldung,gbaldungmv@yelp.com,5027-201-6029,1698826,377 Almo Terrace
Natty,Guyan,nguyanmw@nature.com,637-258-5517,4694633,65340 Almo Alley
Marion,Muscott,mmuscottmx@shop-pro.jp,663-108-5820,5726035,2 Miller Trail
Zaneta,Gianettini,zgianettinimy@uol.com.br,605-940-0043,5233476,5 Butterfield Center
Andeee,Hazeley,ahazeleymz@t-online.de,547-950-3897,7576381,4745 Meadow Valley Park
Stacee,Bisley,sbisleyn0@netlog.com,9764-709-7066,2299255,0704 Lakeland Crossing
Maurine,Rudland,mrudlandn1@sourceforge.net,3808-121-0620,3698774,6408 Thierer Pass
Curry,Girdlestone,cgirdlestonen2@qq.com,201-109-6077,6665536,64893 John Wall Hill
Nobe,Bottleson,nbottlesonn3@businessinsider.com,9982-527-0907,4073749,4 Prairieview Junction
Randell,Brittain,rbrittainn4@pinterest.com,559-179-9617,4727068,5 Oxford Avenue
Ingram,Lace,ilacen5@google.com.au,486-822-7368,8765640,8547 Towne Pass
Wit,Estcourt,westcourtn6@github.com,624-261-1110,3296610,7 Gale Road
Gunter,Benford,gbenfordn7@businesswire.com,3896-881-1195,4643841,327 Lunder Terrace
Lev,Gelder,lgeldern8@irs.gov,921-908-8925,7723015,372 Linden Plaza
Ellerey,Skiplorne,eskiplornen9@bing.com,849-464-1074,3983728,5 Reinke Way
Madel,Lambol,mlambolna@wikispaces.com,861-330-1390,1350016,941 Old Shore Crossing
Alexi,Hatley,ahatleynb@theguardian.com,74-534-7154,1984526,55 Melrose Hill
Sharla,Kleingrub,skleingrubnc@whitehouse.gov,521-266-5287,6341957,24 Daystar Circle
Aland,Seakes,aseakesnd@feedburner.com,4201-272-9217,3991984,552 Coleman Lane
Tully,Mongain,tmongainne@geocities.com,9632-472-9039,7668256,14 Roxbury Way
Mikey,Bishopp,mbishoppnf@macromedia.com,12-267-5927,8161870,252 Laurel Drive
Arley,Edwin,aedwinng@springer.com,551-236-3256,4899217,5 Superior Alley
Isadore,Pude,ipudenh@live.com,2128-228-7336,3008874,8 Dahle Trail
Annabell,Pittford,apittfordni@reuters.com,9949-646-3936,6475088,6 Ridgeview Parkway
Stafani,Hutson,shutsonnj@myspace.com,19-338-6356,4428018,9629 Clemons Place
Dorotea,Gateman,dgatemannk@scientificamerican.com,464-348-1274,5152019,62988 Pond Trail
Roshelle,Pavlovsky,rpavlovskynl@twitter.com,639-224-4835,6385778,8155 Morrow Lane
Dianne,Nelius,dneliusnm@1688.com,9615-292-0722,4422304,30 Sage Lane
Rosamond,Steutly,rsteutlynn@kickstarter.com,669-577-5381,8149867,7 Moose Park
Austine,Lavelle,alavelleno@eventbrite.com,537-284-8428,8104699,808 Sutteridge Pass
Katerina,Frier,kfriernp@dedecms.com,629-158-7640,5652188,69 Browning Center
Rudd,Pesterfield,rpesterfieldnq@sogou.com,3806-138-2964,7722474,85 Sutteridge Place
Petronella,Sawley,psawleynr@zdnet.com,864-216-8426,7124068,587 Arizona Center
Rod,Dumbar,rdumbarns@telegraph.co.uk,862-380-8578,8660756,2270 Truax Alley
Kiley,Blinde,kblindent@foxnews.com,864-847-8008,6126817,19324 Banding Place
Fidole,Gosford,fgosfordnu@tmall.com,339-554-2966,8135308,19608 Marquette Avenue
Liliane,Merman,lmermannv@nbcnews.com,862-187-1180,5870891,97442 Ilene Road
Dewey,Hemphrey,dhemphreynw@dell.com,637-322-9392,4541696,24 Fairfield Junction
Chicky,Acres,cacresnx@state.gov,981-693-2666,8525286,5 Nelson Pass
Annnora,Edkins,aedkinsny@alexa.com,819-744-2860,4193932,6470 John Wall Junction
Bellina,Legier,blegiernz@plala.or.jp,466-835-9990,2664393,5 Tennyson Parkway
Gretchen,Jeayes,gjeayeso0@huffingtonpost.com,817-176-0627,4086209,48967 Thackeray Drive
Bradley,Shippey,bshippeyo1@deviantart.com,556-414-3067,3355283,04269 Tony Avenue
Irvine,Eastcott,ieastcotto2@miibeian.gov.cn,3559-524-6122,6971980,61 Armistice Center
Ottilie,Casiero,ocasieroo3@pinterest.com,2427-686-4058,8436678,1 Lien Lane
Adriano,Slinn,aslinno4@miitbeian.gov.cn,624-432-7365,6141412,087 Dwight Parkway
Jo,Grindley,jgrindleyo5@google.nl,869-727-2590,8069367,52 Thackeray Park
Fabe,Cruse,fcruseo6@wufoo.com,17-961-0286,6716097,0317 Luster Plaza
Urbain,Onyon,uonyono7@webnode.com,624-889-4127,7555728,1 Pleasure Center
Ximenez,Omrod,xomrodo8@ustream.tv,3802-284-2595,7828516,69 Novick Junction
Dino,Kinder,dkindero9@forbes.com,3751-514-7723,2982537,4853 Talmadge Way
Dorene,Syratt,dsyrattoa@hostgator.com,817-449-2980,4380627,09 Graedel Crossing
Norina,Pottell,npottellob@paginegialle.it,17-134-7651,2904435,9 Karstens Drive
Druci,Lafayette,dlafayetteoc@amazon.de,636-553-8332,2077296,7187 East Street
Germaine,Mufford,gmuffordod@newyorker.com,19-170-1046,1853677,43052 Westerfield Pass
Kinnie,Castanho,kcastanhooe@globo.com,512-888-5657,4008042,84 Sage Hill
Zach,Kenningham,zkenninghamof@gov.uk,471-692-6065,7479549,50 Atwood Plaza
Vitia,Bugg,vbuggog@amazon.de,624-235-4960,6732320,79642 Service Circle
Georges,Clemensen,gclemensenoh@irs.gov,578-371-1710,8444783,136 Lakewood Gardens Point
Ashton,Christensen,achristensenoi@sogou.com,73-968-5289,6453073,790 Crowley Road
Spenser,Rebert,srebertoj@furl.net,845-855-3781,6859509,3737 Autumn Leaf Road
Kinna,Bowhey,kbowheyok@businesswire.com,2636-383-2768,4490772,4 Truax Park
Nickola,McIlhagga,nmcilhaggaol@ucoz.com,334-770-5997,3563360,0 Hanover Road
Sully,Erdes,serdesom@google.pl,2374-253-6451,8365950,8 Mesta Parkway
Orazio,Rikard,orikardon@infoseek.co.jp,5059-639-4492,1469001,0247 Banding Pass
Mikael,Edds,meddsoo@ameblo.jp,307-405-1192,8730040,0 Mallard Point
Kiersten,Brosch,kbroschop@paginegialle.it,869-468-9957,6314584,96 Shoshone Parkway
Bert,Humbell,bhumbelloq@bizjournals.com,868-603-9921,7418592,332 Carpenter Avenue
Arda,Heaney`,aheaneyor@cnn.com,624-623-3590,3620048,31626 Daystar Point
Bernardo,Ply,bplyos@patch.com,13-208-1223,8361261,875 Judy Point
Loreen,Creagh,lcreaghot@acquirethisname.com,2245-700-2513,1896884,4 Morning Alley
Lianna,Henrion,lhenrionou@newyorker.com,867-522-4967,7326200,75 Lawn Parkway
Yanaton,Story,ystoryov@ox.ac.uk,552-986-9093,5940925,52887 4th Point
Kiersten,Hassewell,khassewellow@studiopress.com,869-960-8931,1681168,8281 Comanche Hill
Storm,Stallan,sstallanox@accuweather.com,9778-157-4060,4313098,67424 Sauthoff Junction
Constanta,Loughlan,cloughlanoy@unc.edu,3805-553-5266,7391953,7781 Surrey Avenue
Donal,Ceely,dceelyoz@huffingtonpost.com,868-668-2126,5075872,185 Fairview Circle
Alix,Nugent,anugentp0@weather.com,3518-921-6120,5316169,8059 Gale Junction
Roarke,Stockau,rstockaup1@weibo.com,77-164-5890,5199054,378 Lunder Hill
Bibbye,Votier,bvotierp2@addtoany.com,518-203-6760,6495146,2 Schurz Place
Elie,Allsopp,eallsoppp3@gizmodo.com,3809-795-6807,7520594,34946 3rd Center
Cathi,Bladon,cbladonp4@redcross.org,337-204-2977,4888809,914 Golf Hill
Robby,Dunphie,rdunphiep5@netlog.com,624-546-9000,7350767,3857 Westridge Way
Lilian,Mullinger,lmullingerp6@wordpress.org,624-295-7471,4072591,2 Bartillon Terrace
Fulton,McIlheran,fmcilheranp7@slashdot.org,866-608-5008,7868036,550 Dixon Circle
Luci,Carefull,lcarefullp8@theguardian.com,2971-664-3207,2228845,9 Straubel Alley
Kass,Pietzker,kpietzkerp9@uiuc.edu,9703-190-0255,7774784,491 Straubel Plaza
Carlee,O'Corrane,cocorranepa@sina.com.cn,463-248-3635,3407756,53323 Packers Parkway
Mella,Reasce,mreascepb@statcounter.com,71-504-9510,2906279,886 Banding Alley
Vincent,Maestro,vmaestropc@cnet.com,3511-200-6371,4455528,01162 Dawn Point
Mignonne,Ducket,mducketpd@indiegogo.com,3715-475-5113,7070803,7 Drewry Street
Crissy,Grenkov,cgrenkovpe@jalbum.net,663-137-2577,8263360,4105 Redwing Plaza
Marlie,Klejin,mklejinpf@walmart.com,3511-254-9771,6078387,0 Ilene Junction
Schuyler,Warin,swarinpg@google.co.uk,484-900-6222,2220770,389 Sullivan Hill
Abbey,Mattes,amattesph@constantcontact.com,865-488-6388,5580513,02980 Marquette Way
Domenic,Lamperd,dlamperdpi@hud.gov,633-937-9692,5652402,1224 Eagan Road
Marjory,Whitcombe,mwhitcombepj@mozilla.com,3862-107-7892,6615509,4 Erie Avenue
Gian,Perris,gperrispk@people.com.cn,868-539-1197,8714594,236 Melby Junction
Hilda,Purle,hpurlepl@pagesperso-orange.fr,869-926-8831,6684356,09 Bellgrove Pass
Isaiah,Slyme,islymepm@ox.ac.uk,621-625-1939,8222322,51 Bowman Street
Merrick,Tyrer,mtyrerpn@fastcompany.com,628-528-4679,7434490,65 Kenwood Crossing
Forbes,Aldrick,faldrickpo@nba.com,303-676-6980,4491019,2657 Hollow Ridge Pass
Helli,Viggers,hviggerspp@comsenz.com,471-540-3462,1873514,596 Dapin Road
Burt,Jovasevic,bjovasevicpq@va.gov,469-131-4166,2186963,88181 Jana Park
Godard,Onthank,gonthankpr@globo.com,923-886-9302,3322836,428 Maryland Point
Shalom,Thomasset,sthomassetps@theatlantic.com,3746-441-6736,3434214,4 Carberry Avenue
Kennie,Dorot,kdorotpt@miibeian.gov.cn,3806-365-8940,1258572,2135 Hintze Place
Lolita,Clempton,lclemptonpu@answers.com,623-375-8880,7540037,58287 Schurz Road
Georgina,Vanyukov,gvanyukovpv@nasa.gov,9677-240-0788,4857157,658 Bunker Hill Pass
Davina,Simeoli,dsimeolipw@youku.com,869-603-3021,8877254,85 Portage Avenue
Malory,Del Monte,mdelmontepx@a8.net,632-397-9682,3081639,9 Fairview Junction
Valida,Miners,vminerspy@washingtonpost.com,2169-764-3457,6152302,49238 Oakridge Terrace
Cyndy,Illwell,cillwellpz@elegantthemes.com,557-256-7266,8989319,3425 Northwestern Junction
Isis,Sturgeon,isturgeonq0@plala.or.jp,14-136-9874,2641368,37895 Miller Pass
Tomi,Bozworth,tbozworthq1@t.co,277-141-2610,1493548,4 3rd Road
Jeffy,Asche,jascheq2@tiny.cc,623-968-3603,6886282,1 Ramsey Alley
Ron,Alenichicov,ralenichicovq3@tinyurl.com,862-117-2135,4856158,552 Dunning Hill
Leanor,Sicily,lsicilyq4@hostgator.com,4208-533-8192,6609442,08 Dwight Pass
Tiff,Roo,trooq5@ed.gov,558-359-5993,7729123,767 Esker Street
Bobina,Weatherley,bweatherleyq6@netvibes.com,988-506-1634,4338573,099 Farwell Plaza
Robbi,Everleigh,reverleighq7@merriam-webster.com,3516-658-9001,4964495,4 Burning Wood Terrace
Beverley,Cana,bcanaq8@webnode.com,932-505-2301,3006814,168 Meadow Vale Crossing
Berta,Gronaller,bgronallerq9@engadget.com,17-461-4753,8564013,38 Bluestem Way
Munmro,Gowthorpe,mgowthorpeqa@posterous.com,2345-527-4035,4051706,0221 Bultman Way
Denice,Samwaye,dsamwayeqb@gmpg.org,9927-149-8759,7914361,429 Oakridge Terrace
Lorinda,Brydell,lbrydellqc@globo.com,868-851-8712,5920379,53888 Delaware Lane
Gerianne,Burrel,gburrelqd@newsvine.com,3513-320-6424,2245166,13521 Loeprich Circle
Kele,Epsley,kepsleyqe@boston.com,867-336-7067,6481186,002 5th Road
Teri,Wharin,twharinqf@shinystat.com,511-894-2538,1669070,70968 Kinsman Pass
Hyatt,Espinola,hespinolaqg@soundcloud.com,3511-124-3950,1862180,331 Service Trail
Tracy,Tremlett,ttremlettqh@unicef.org,3569-594-3190,8542656,84520 Stoughton Park
Sonia,Spours,sspoursqi@uiuc.edu,2555-360-2106,5745310,810 Weeping Birch Center
Maurizio,Hastin,mhastinqj@icio.us,817-802-8541,8596362,0632 Grasskamp Pass
Gideon,Waison,gwaisonqk@issuu.com,19-394-9637,4090881,35 Mendota Drive
Holden,Soares,hsoaresql@xing.com,557-492-6832,6507369,7 Superior Street
Licha,Karadzas,lkaradzasqm@dagondesign.com,3713-608-0956,8691427,9793 Sloan Pass
Gerry,Ledwich,gledwichqn@people.com.cn,867-448-3880,2071180,13 Melby Hill
Wake,Noden,wnodenqo@newsvine.com,3819-302-6867,5845638,9 Lukken Trail
Adam,Elliston,aellistonqp@com.com,3836-141-2884,2915288,879 Boyd Point
Wilek,Mathy,wmathyqq@ox.ac.uk,983-153-0654,1906128,828 Meadow Valley Terrace
Tarrance,Thornton-Dewhirst,tthorntondewhirstqr@uol.com.br,868-218-2848,5265964,86685 Stuart Pass
Ludovika,Merioth,lmeriothqs@whitehouse.gov,79-786-8633,6393733,4 Havey Junction
Alasteir,Suarez,asuarezqt@creativecommons.org,637-178-9834,2050594,84 Glendale Park
Kalil,Allden,kalldenqu@house.gov,624-886-1272,4404496,47740 Golf Road
Amye,Marten,amartenqv@smugmug.com,861-889-0462,8213586,2 Bellgrove Trail
Jannel,Eakly,jeaklyqw@github.io,464-779-2256,7849329,3261 Thackeray Park
Mahmud,Minchinton,mminchintonqx@geocities.com,5095-466-4983,5163239,2 Luster Alley
Virgie,Nisard,vnisardqy@youtube.com,627-457-4201,5681129,0620 Stuart Hill
Jamill,Rubberts,jrubbertsqz@zdnet.com,4203-546-4286,1043703,786 Quincy Alley
Maximilien,Ivison,mivisonr0@google.cn,554-159-8808,1791370,3007 Onsgard Avenue
Sherill,Gorcke,sgorcker1@dot.gov,823-907-5710,6546045,4 Granby Lane
Danit,Alsopp,dalsoppr2@51.la,621-986-4963,1818613,6 Forest Crossing
Jo-anne,Petrasso,jpetrassor3@wordpress.org,467-494-8500,4917431,8 Cherokee Terrace
Robert,Rosencwaig,rrosencwaigr4@fastcompany.com,631-755-9087,8613792,43 Oakridge Pass
Fannie,Waterland,fwaterlandr5@issuu.com,478-283-9633,8359723,418 Emmet Alley
Marty,Megainey,mmegaineyr6@stumbleupon.com,629-533-1484,3201135,30144 Del Mar Park
Jaynell,Attwell,jattwellr7@themeforest.net,5043-208-8790,5625224,096 Twin Pines Alley
Abbey,Argo,aargor8@goo.ne.jp,867-252-7945,2277668,35954 Mockingbird Drive
Amberly,Towl,atowlr9@mapy.cz,868-358-1661,3913078,72274 Blue Bill Park Parkway
Sanders,Moules,smoulesra@symantec.com,627-402-6547,7134137,8 Grover Drive
Brig,Gowland,bgowlandrb@live.com,2385-188-3066,5850981,43 Ryan Way
Dode,Caukill,dcaukillrc@harvard.edu,865-261-1384,1815496,4050 Rockefeller Hill
Tynan,Starrs,tstarrsrd@wufoo.com,3805-719-7809,3961214,88346 Bartelt Junction
Yankee,Muress,ymuressre@yolasite.com,3854-592-4375,4760427,38 Esker Center
Lisetta,Axell,laxellrf@imageshack.us,665-587-4441,8885831,665 Melby Point
Merrill,Crickmer,mcrickmerrg@msu.edu,482-580-5543,5071791,31 Drewry Way
Wendie,Bresner,wbresnerrh@slate.com,3585-111-7143,5348633,3291 Northfield Junction
Leshia,Theurer,ltheurerri@shinystat.com,497-421-9817,6490260,9331 Vidon Drive
Saloma,Gravett,sgravettrj@dmoz.org,3805-553-3946,5249937,01589 Rockefeller Junction
Kalina,Linnemann,klinnemannrk@princeton.edu,301-443-1737,8165554,5006 Clove Trail
Geri,Lightowler,glightowlerrl@joomla.org,622-375-0882,6605519,07736 Havey Crossing
Ignacio,Jeff,ijeffrm@cbsnews.com,863-359-1434,7144221,0780 Burrows Center
Casandra,Packer,cpackerrn@xing.com,463-920-9375,1843539,1517 Montana Pass
Addy,Shirer,ashirerro@indiatimes.com,488-433-2799,8355331,2 Cardinal Terrace
Ricki,Ring,rringrp@upenn.edu,626-596-0949,3802767,8 Vermont Court
Luella,Ropking,lropkingrq@boston.com,2128-873-7334,4643668,71755 Novick Hill
Odelinda,Mauser,omauserrr@adobe.com,489-797-2498,3137670,431 Troy Plaza
